Video	Video title	Video publish time	Average view duration	Unique viewers	Average percentage viewed (%)	Views	Watch time (hours)	Subscribers	Impressions	Impressions click-through rate (%)
J6_xY5A6t0o	PLAYING EVERY SINGLE NBA 2K GAME IN ONE VIDEO…	"Nov 5, 2019"	0:11:45	1981185	30.9	2671665	523565.2705	16132	85248425	1.75
BQVFg8ogPNE	THE BEST VERSION OF NBA 2K20... IS ON GOOGLE STADIA	"Nov 26, 2019"	0:07:38	471979	42.31	595303	75839.1528	941	6533828	5.88
MDrxfubLVog	"NBA 2K DEVELOPERS ISSUE A WARNING TO PLAYERS, 2K15 SERVERS ARE RETURNING"	"Nov 29, 2019"	0:10:29	254349	49.38	429341	75090.0107	556	2973956	9.6
mk1g88OrYRQ	NBA 2K18 FULL MYCAREER STORY - PLAYMAKING SHARPSHOOTER	"Sep 15, 2017"	1:39:34	36040	48.56	43088	71502.4781	9	203447	2.4
NEAdV7JyQYs	"NBA 2K20 IS A DISASTER AFTER NEW UPDATE, RONNIE2K vs. LD2K #2KDramaAlert"	"Nov 12, 2019"	0:06:41	437783	52.19	602975	67228.2854	979	4767527	7.86
dZY1d6UjuAo	TOP 2K PLAYERS TURN AGAINST EACH OTHER IN MASSIVE WAGERS #2KDramaAlert	"Nov 7, 2019"	0:08:21	346095	59.31	436706	60799.6091	594	5507932	4.72
rrZC17Xl4fA	"dear ronnie2k, this is a message from everyone who plays nba 2k20"	"Nov 20, 2019"	0:08:45	335155	53.75	396990	57970.3845	315	5068059	4.98
iIgSXZ5XwzY	NBA 2K19 IS NOTHING LIKE HOW I REMEMBERED IT...	"Nov 14, 2019"	0:06:50	367283	52.31	443012	50466.7815	406	4378984	6.2
cM2uj7T8cPQ	NBA 2K20 MEMES THAT WILL MAKE YOU WANT TO DELETE THE GAME	"Nov 17, 2019"	0:07:02	326405	64	396251	46494.4182	347	4098826	6.18
sUGj6Qg90fY	"PLEASE 2K, SHUT DOWN THE 2K18 SERVERS IMMEDIATELY..."	"Nov 8, 2019"	0:05:28	377673	51.14	435245	39747.8101	571	3419960	7.88
Rab49uZGFm8	2K NOSTALGIA THAT ONLY NBA 2K PLAYERS WOULD UNDERSTAND	"Nov 11, 2019"	0:05:40	322421	61.95	378556	35828.5805	343	3826568	5.97
KMRB1utC888	NBA 2K20 MOMENTS I WAS PAID TO KEEP QUIET ABOUT...	"Nov 23, 2019"	0:06:06	298775	51.25	347785	35401.6723	216	4114565	5.34
IstfgpeTBds	NBA 2K MEMES THAT WILL HELP YOU GET THROUGH YOUR REP GRIND	"Nov 30, 2019"	0:10:12	0	56.56	207648	35334.1853		1198934	11.92
-Sfd3OxpfGE	NBA LIVE FOUND THE BLUEPRINT TO COMEBACK AGAINST NBA 2K	"Nov 2, 2019"	0:06:46	193039	43.27	216940	24510.4774	289	2673990	4.76
zyHCG1fugMU	NBA 2K17 - I GOT THE GRAND BADGE LIVE ON STREAM!!! FULL MYCAREER STORY LIVESTREAM (PART 3)	"Sep 22, 2016"	1:04:39	19199	50.76	22537	24288.0908	0	73515	5.01
epro5Fxkg0k	NBA 2K20 MEMES DESIGNED TO TEST YOUR IQ	"Oct 15, 2019"	0:09:44	91848	61	119570	19409.2557	434	1974110	2.16
PyC7YUDG4MY	THIS IS THE REASON WHY I PLAY NBA 2K20	"Oct 2, 2019"	0:07:10	71930	75.47	88109	10528.0815	75	539678	3.51
Oxxg3A9R6s0	USING THE MOST POPULAR JUMPSHOTS IN 2K HISTORY... ON NBA 2K20	"Oct 11, 2019"	0:06:48	72701	58.15	92080	10441.8529	195	1154577	4.12
FPBoLPZznUQ	YOU ARE REQUIRED BY LAW TO LAUGH AT THESE NBA 2K20 MEMES	"Oct 30, 2019"	0:07:48	62709	55.02	79479	10336.6961	97	2136203	1.6
ComGSI6nJic	"Last YouTuber to Stop Playing 2K19 Wins $10,000"	"Mar 20, 2019"	0:07:12	72268	39.76	85194	10227.4056	394	1433662	3.54
qjCA0xKlfBw	i brought my maxed 5'7 slasher to the neighborhood AND VIOLATED EVERY PLAYER	"Sep 19, 2019"	0:05:19	96911	53.16	114189	10150.0125	876	1431463	4.75
PddLGK4s20k	"i streamsniped fanum & flightreacts... and lets just say, they're not talking to me anymore..."	"Apr 22, 2019"	0:05:55	77652	51.16	95847	9453.1896	196	5002504	1.27
13RDXWrbeAM	MEMES ONLY NBA 2K20 PLAYERS WOULD UNDERSTAND...	"Sep 22, 2019"	0:07:38	57255	57.71	68228	8684.4384	178	1877665	1.77
ZYC3RUny7r8	i infiltrated a group of hackers on 2k19 and got caught trying...	"Oct 25, 2018"	0:08:11	50113	50.26	60187	8217.4487	171	1533319	2.17
JBKN9_3NaYc	CHANGE MY MIND: CONTROVERSIAL NBA 2K OPINIONS	"Sep 1, 2019"	0:08:11	51799	50.68	59302	8089.2204	80	2442648	1.16
uno1a98xjEU	"Last YouTuber to Stop Playing 2K20 Wins $10,000"	"Oct 27, 2019"	0:10:44	28731	51.97	36578	6547.3564	104	243138	6.98
cbiiV3eB-u8	i let steezo secretly play on my account in a HILARIOUS 1v1 wager vs. Mike Korzemba	"Feb 16, 2019"	0:07:29	42553	48.39	50925	6365.3561	79	2308791	1.27
91n2zSwNsDk	HE KICKED HALF THE MEMBERS OFF HIS TEAM AFTER THIS EMBARRASSING LOSS...	"Feb 23, 2019"	0:08:21	39089	53.97	45685	6363.1758	50	1248785	2.19
lgvrC4ZzKGg	2K PLAYERS FURIOUS AFTER MASSIVE CHANGES IN THE NEW FALL UPDATE	"Oct 7, 2019"	0:09:16	35352	52.82	39898	6170.0628	31	361014	3.63
AJjDp5bdoAA	CELEBRITIES HELPED ME FIND THE PERFECT JUMPSHOT ON NBA 2K20!! EXCELLENT RELEASES FROM HALF-COURT!	"Sep 23, 2019"	0:06:52	45843	50.5	53897	6169.6029	131	1265629	2.13
4EJSU3fUTAQ	nba 2k19 if you could create a 15ft playmaker	"Aug 13, 2019"	0:03:08	100814	40.81	112233	5890.4147	595	415456	15.82
qCH993foAwI	MY FIRST NEIGHBORHOOD GAME ON NBA 2K20 ENDED WITH A BROKEN CONTROLLER	"Sep 6, 2019"	0:06:00	47973	49.46	58313	5839.8677	128	810526	4.67
BKQIQSjnmyM	NBA 2K20 MOMENTS THAT I'LL PROBABLY REGRET TOMORROW MORNING	"Sep 16, 2019"	0:07:15	38239	69.39	46966	5675.8647	53	187334	6.06
nyGCjGpsfsg	ONLY 1% OF NBA 2K PLAYERS CAN MAKE IT OUT OF THIS GAME ALIVE...	"Jul 18, 2019"	0:09:43	30094	62.05	34680	5624.6204	35	758107	1.92
o5iePZCIJ5Y	*NEW* NBA 2K OLYMPICS Game Mode ADDED TO NBA 2K20	"Jul 21, 2019"	0:06:47	37926	53.5	45580	5161.2101	33	792148	3.52
8X3Bx-UBsIA	"""WHY AM I MISSING WIDE OPEN SHOTS ON 2K20"" .... ANSWERED"	"Sep 13, 2019"	0:06:54	37193	33.67	44839	5158.1103	206	880178	2.85
IaPw9GFyM5Q	NBA 2K20 MEMES APPROVED BY RONNIE2K	"Oct 3, 2019"	0:08:14	27721	67.33	34925	4800.6586	95	429978	2.85
amI3V7CwJUM	NBA 2K20 MEMES THAT WILL MAKE YOU PROUD TO BE A 2K PLAYER	"Aug 16, 2019"	0:09:20	25112	62.69	30407	4733.9831	68	195983	7.64
CLB7ihjul-g	NBA 2K MEMES THAT MAKE 2K19 WORTH PLAYING	"May 17, 2019"	0:10:45	21480	64.52	25688	4603.6771	20	211047	4.91
KnCHUuTZmxo	I AM THE NEW COMMUNITY MANAGER FOR NBA 2K20	"Aug 5, 2019"	0:08:47	23470	68.91	26841	3930.6296	25	126344	3.93
bXpbRhEvpk8	nba 2k19 but stretch bigs greenlight heavily contested jumpshots	"Jan 25, 2019"	0:06:27	29459	52.81	36520	3927.2272	22	804430	2.94
cKAOlLV2OYk	THE NEW NBA 2K20 2K HOUSE TOUR...	"Jul 14, 2019"	0:06:16	31589	66.18	37145	3885.266	40	127502	10.47
qLMYfc9n_6U	"MAKE THIS JUMPSHOT, I'LL BUY YOU ANYTHING YOU WANT IN NBA 2K20"	"Oct 23, 2019"	0:06:55	26917	57.89	32534	3751.272	38	427627	3.62
fUHngNSGkto	THE PATCH THAT TURNED EVERY NBA 2K PLAYER AGAINST EACH OTHER	"Jan 29, 2019"	0:09:51	18500	45.27	22732	3733.4082	27	477899	2.68
CDHXYHAz6fY	NBA 2K20 MEMES THAT WILL HELP YOU SURVIVE YOUR BADGE GRIND	"Sep 8, 2019"	0:08:06	20546	59.8	25647	3463.3395	57	197123	6.8
sTb8JgS2GMU	NBA 2K20 DEVELOPERS ARE GIVING ME THE POWER TO CHANGE ANYTHING I WANT ABOUT NBA 2K20	"Jun 28, 2019"	0:15:48	10961	53.31	13121	3458.5777	37	190232	2.4
LV6dn0bk1v4	NBA 2K20 MOMENTS THAT WILL MAKE YOU WANT TO DELETE YOUR BUILD	"Sep 11, 2019"	0:05:28	30944	53.55	36181	3299.3275	109	169751	10.84
ssnEFjS9yw8	disgraced nba 2k league prospect blows his chance AGAIN after this airball	"Nov 18, 2018"	0:06:56	22708	60.21	28385	3280.512	13	483458	3.57
fMGMZNKv-UI	HOW MANY HORRIBLE JUMPSHOTS DOES IT TAKE BEFORE YOUR TEAMMATE THROWS HIS CONTROLLER?	"Sep 26, 2019"	0:06:37	24795	72.87	29648	3270.7682	27	215431	4.79
-a7IJZE6RWY	"""NBA 2K19 IS PERFECT... DON'T CHANGE ANYTHING"""	"Sep 22, 2018"	0:07:32	21852	82.08	25580	3213.6967	14	72768	8.89
DZFZfp6IkOI	highly ILLEGAL nba 2k19 moments	"Dec 10, 2018"	0:09:37	16701	64.08	19755	3171.7132	9	150672	6.23
7oqvujfiqtg	TRYHARDS REACT TO PLAYING WITH THE WORST 99 OVERALLS ON NBA 2K18	"Mar 10, 2018"	0:08:09	19426	44.48	23246	3162.1721	40	713132	2.04
9PwUXlzx10Q	NBA 2K20 IS GETTING WORSE WITH EVERY UPDATE...	"Oct 20, 2019"	0:07:26	22551	50.79	25292	3139.9892	71	630430	2.11
a25-9Gnux9Q	my maxed 5'7 slasher will VIOLATE YOUR LOCKDOWN DEFENDER...	"Oct 17, 2019"	0:06:11	23753	61.16	28963	2986.6625	49	352323	4.52
Ph7MzPwD9MY	THE REAL REASON IM NOT VERIFIED ON NBA 2K20 IS TRAGIC...	"Sep 15, 2019"	0:06:27	23830	62.58	27675	2977.8307	50	394948	3.58
x51s5ABcdsM	NBA 2K17 ROOKIES GET SURPRISED!! HELPING BROWN SHIRTS REP UP AND WIN GAMES!!	"Mar 10, 2017"	0:06:33	24456	45.21	27031	2953.059	45	852903	1.95
Xq4BMeNDUCQ	BAD NEWS FOR 2K20... 2K WENT TOO FAR THIS TIME #2KDramaAlert	"Jun 25, 2019"	0:12:01	12601	54.19	14540	2913.1058	28	266624	2.67
iu7zLNXD4Ek	NBA 2K... IM WAITING FOR MY CHECK	"Apr 29, 2019"	0:11:00	13153	75	15570	2854.5226	6	87162	5.75
ufOWu__eYpk	i accidentally joined a roleplay server on nba 2k20...	"Oct 9, 2019"	0:06:20	22400	63.28	26814	2837.4329	20	153676	6.38
4BGDab28UAc	NBA 2K MEMES THAT THE DEVELOPERS WOULD BE ASHAMED TO SEE...	"Jun 8, 2019"	0:06:12	22322	57.96	25777	2664.26	38	278105	5.96
UagrJcKr3A8	nba 2k19 but every contested jumpshot is a greenlight	"Nov 25, 2018"	0:05:54	22113	51.13	25839	2546.6416	38	1155264	1.58
5IaAdBHBObM	*MUST SEE* NBA 2K18 ON THE PS3 IS A HIDDEN MASTERPIECE?!	"Jun 14, 2018"	0:03:58	33659	33.46	37620	2489.8014	188	312296	8.2
vDOKi_MhGVY	nba 2k19 if your team had 0% team chemistry	"Jul 27, 2019"	0:07:58	13870	51.96	18512	2458.0661	5	415552	2.99
wc2VBBUneJg	"LAST PERSON TO STOP PLAYING NBA 2K18 WINS $10,000"	"Jun 16, 2019"	0:07:07	16702	47.29	19419	2303.6023	34	181385	6.29
mluTer3i_C0	nba 2k20 if pushing received a massive buff	"Sep 14, 2019"	0:05:55	19491	86.18	22915	2260.1632	6	62236	8.27
X6Twl67K3wQ	i hired a fake professional coach to teach me how to play nba 2k19	"Nov 3, 2018"	0:05:38	21370	48.78	24004	2257.388	127	1598409	0.9
Pto5RQL5m-A	i'm uninstalling nba 2k19...	"Jan 3, 2019"	0:06:13	17265	58.29	21050	2181.3739	19	590477	2.49
8Ufag9JLlS8	99% OF NBA 2K PLAYERS CAN'T MAKE IT THROUGH THIS VIDEO... ep.2	"Jul 13, 2018"	0:03:52	30419	36.48	33485	2158.0216	198	224247	10.91
HsrHGKkbNRc	HIGHLY QUESTIONABLE NBA 2K19 MOMENTS	"Dec 31, 2018"	0:08:09	12857	73.95	15509	2109.1061	1	68378	8.93
_Y1C9jUkvvk	EVERYTHING WRONG WITH NBA 2K19 IN UNDER 13 MINUTES	"Jan 10, 2019"	0:07:23	14117	54.34	16449	2028.4116	20	305335	3.01
htQs3O7Mkac	NBA 2K20 DEVS FINALLY ADDED NEW PARKS TO THE GAME.... ON THE MOBILE VERSION	"Sep 22, 2019"	0:06:09	17175	64.37	19456	1996.8427	23	106426	7.95
XkfVz_18WKE	if you see any of these players on 2k19... RUN!!	"Sep 28, 2018"	0:07:36	13325	52.57	15508	1965.6069	15	201503	4.47
jhVUjDHNPaQ	"fredo, you forgot your script in your fake prank dude..."	"Oct 11, 2018"	0:07:53	12596	41.46	14912	1961.4038	28	371982	2.65
7dDYxVVxa3I	kevin garnett trying to figure out how to play on the park is pure comedy	"Dec 29, 2018"	0:05:15	20100	44.05	22325	1955.7233	65	122132	11.24
9vdHMrsWigY	"2K PLAYERS UNITE TO VIOLATE NADEXE, HIS RESPONSE GETS HIM BANNED #2KDRAMAALERT"	"Jan 20, 2019"	0:08:03	12141	47.48	14541	1952.1809	35	625045	1.45
wAhNjZw1ipQ	nba 2k19 if it was 975ms latency...	"May 20, 2019"	0:06:14	16483	48.81	18710	1945.8649	21	96603	11.14
Zt2u5m3-du4	i bought nba 2k19 on pc and i immediately regret it...	"Oct 20, 2018"	0:05:42	17851	46.32	20321	1932.2724	41	263425	4.99
fVv2e5rmqO0	2K PLAYER CAUGHT CREATING FAKE NBA 2K20 GAMEPLAY AND SCREENSHOTS	"Jul 11, 2019"	0:08:45	11669	66.24	13127	1917.8431	21	67691	7.53
9WlJM2pJAiY	THESE JUMPSHOTS TURN EARLY RELEASES INTO PERFECT RELEASES ON NBA 2K20! NEVER MISS AGAIN!	"Sep 30, 2019"	0:04:04	22298	47.01	27090	1842.8515	174	392065	4.18
4Xl3WiXQcdI	it took 13 hours to finally find this build on NBA 2K20	"Aug 27, 2019"	0:04:50	19418	41.86	22636	1826.6458	67	134435	11.08
vTYFboWJBh4	*BEWARE* 2K IS BANNING THOUSANDS OF PLAYER FALLING FOR THIS TRAP!	"Sep 14, 2018"	0:07:49	11548	47.12	13320	1736.3569	57	197574	4.11
nnXRMxUhqpk	nba 2k19 but stretch 4's green every contested jumpshot	"Dec 25, 2018"	0:06:59	12622	73.04	14899	1735.2152	2	68291	8.56
O_dB8Y9bjec	i used my VIP powers to punish toxic cheaters and hijack their games!	"Sep 21, 2018"	0:06:33	14113	56.29	15849	1732.3672	23	195467	4.77
_tcD3MtTXTo	"TROLLING TRYHARD FREAKS OUT AFTER LOSING 100,000 VC ON HIGH ROLLER ANTE UP!"	"Apr 29, 2018"	0:09:55	7900	50.61	9770	1615.3351	7	95604	5.55
GTF7BGdooFQ	PLAYERS TURN AGAINST EACH OTHER AS 2K20 DEVELOPERS PREPARE NEW UPDATE!! #2KDRAMAALERT	"Sep 18, 2019"	0:11:36	6846	64	8013	1551.3759	10	95377	2.99
Yn-fue5aR_Y	2K PLAYERS ERUPT AFTER HANKDATANK EXPOSED FOR BOOSTING AGAIN!? #2kDramaAlert	"Jan 7, 2019"	0:07:53	9997	48.88	11720	1540.2665	31	263585	2.75
LIrV6nS9XzQ	NBA STAGED A FIGHT FOR VIEWS??! 2K DEVOLOPER CAUGHT LYING #2KDramaAlert	"Apr 20, 2019"	0:12:27	6338	61.68	7330	1522.1709	7	82970	3.84
o9sieyl6aUY	dear ronnie2k...	"Sep 27, 2019"	0:07:00	10575	59.02	12701	1482.5031	80	220906	2.84
zWhw9S6Qq2U	ONLY NBA 2K PLAYERS UNDERSTAND WHAT'S GOING ON HERE	"Mar 3, 2019"	0:07:01	10318	63.11	12017	1407.3134	14	72347	8.78
bAO1_Q6Lii4	if you ever buy nba 2k19 on the switch... you're in for a HILARIOUS SURPRISE	"Dec 12, 2018"	0:03:55	17995	39.01	20580	1344.8947	45	102691	11.82
tSXD4FCITQk	2 MILLION IQ PLAYS ON NBA 2K19	"Nov 28, 2018"	0:07:31	9110	62.39	10609	1331.1458	1	101507	6.09
5iip6rBEOq0	nba 2k19 if there was no latency	"Jun 24, 2019"	0:05:18	12333	64.93	14588	1289.1521	10	85994	10.18
U8knLgMe6aQ	give me 30 minutes and i can make your favorite nba 2k youtuber rage quit...	"Nov 13, 2018"	0:05:45	11213	46.89	13132	1258.8031	17	95349	8.55
LvUZ2NkHGZE	i used my arcade stick on nba 2k19 and IMMEDIATELY started stringing combos	"Apr 6, 2019"	0:06:50	9461	54.36	10872	1239.411	12	133393	4.66
1a1Fi0Fqh3M	"if you close your eyes, nba 2k19 is not so bad..."	"Mar 7, 2019"	0:06:04	10208	66.86	11853	1199.7784	3	158104	3.93
CVABsRfT254	NBA 2K20 WILL HAVE ALL THE GAME MODES & FEAUTURES I'VE BEEN BEGGING FOR!!	"Jul 4, 2019"	0:07:52	7535	44.61	9035	1186.8677	27	138047	2.81
1A59YX0O8uk	IGN CAUGHT LYING IN THEIR NBA 2K19 REVIEW...	"Sep 28, 2018"	0:10:34	5426	57.6	6376	1123.2462	5	61244	5.27
boGr31quhr4	i bought millions of vc and spent it in the dumbest way possible	"Jan 22, 2019"	0:04:17	14074	49.7	15246	1092.4647	45	79589	12.34
VCogs3iiMz8	nba 2k19 moments that will restore your faith in humanity	"Jun 3, 2019"	0:07:22	7576	64.66	8851	1087.4201	6	66479	7.04
whZIXogRNi8	"2K PLAYER RAGES AFTER LOSING $250,000, EVERYONE REACTS TO NADEXE TERMINATION"	"Feb 11, 2019"	0:07:57	6970	55.87	8081	1071.1065	12	113958	4.23
grLQl9D6U5U	nba 2k19 if there was no lag	"Dec 5, 2018"	0:07:24	7445	68.5	8627	1065.3333	10	47328	8.14
K-s_iPh3xeo	NBA 2K DROPS A MASSIVE BOMBSHELL... AND NO PLAYERS ARE HAPPY ABOUT IT #2KDramaAlert	"Mar 30, 2019"	0:11:23	4704	69.91	5502	1044.9519	3	45402	5
UNVfsMozgsI	DEFENDING POPULAR NBA 2K19 PLAYERS FROM STREAMSNIPERS ON AT ALL COSTS	"May 21, 2019"	0:08:31	5947	58.88	6897	980.3188	0	63420	6.14
PEFolaTBC4U	THE LOSTNUNBOUND DRAMA EXPLAINED: THE SCUM OF THE 2K COMMUNITY	"Dec 7, 2016"	0:10:01	4212	34.52	5652	944.7307	20	71060	5.35
Entcy4sBDHU	11 year old kid is EASILY better than most pro 2k19 players	"Oct 8, 2018"	0:05:26	9167	52.31	10268	930.9368	9	89921	7.96
4JJV5eyvvSQ	i hired editors to make a mixtape of my airballs and turnovers	"Jul 7, 2019"	0:06:56	6493	46.03	7612	880.7906	6	74836	5.98
N7yAnMKV11Y	NBA 2K17 SERVERS SHUTTING OFF... GOODBYE	"Nov 19, 2018"	0:05:32	8407	46.14	9141	843.5648	16	168004	3.37
Y9GwtKuqM9o	NBA 2K20 IS INTRODUCING A NEW ATTRIBUTE AND BADGE UPGRADING SYSTEM	"Aug 10, 2019"	0:12:14	3503	49.6	3921	800.0572	12	48880	2.8
s5PtuoLlLI8	MASSIVE CHANGES TO NBA 2K20 MEANS YOU'LL NEED TO RECREATE YOUR BUILD	"Aug 23, 2019"	0:08:03	5461	76.22	5884	789.8288	2	52031	2.92
MhcNEck7roY	HIGHLY OFFENSIVE NBA 2K19 MOMENTS	"Oct 15, 2018"	0:06:49	6039	68.11	6908	785.4992	2	33236	9.82
4BM9Jjnh--o	i tried to warn them... they didn't listen	"Sep 18, 2018"	0:05:39	6906	62.21	8300	781.6282	0	56137	8.36
ijpH8JagnrM	"2K PLAYERS PROTEST NBA 2K20'S HORRIBLE LAUNCH, DEVS FINALLY RESPOND #fix2K20"	"Sep 10, 2019"	0:10:46	3708	59.19	4251	763.9283	8	63518	3.03
y9ahuEbj3rg	we cleared out a park full of celebrities and VIP's until jr smith sent an invite	"Sep 24, 2018"	0:05:28	7235	54.32	8209	748.1612	7	64491	6.94
48BZycl-eKI	NBA 2K16 SERVERS SHUTTING OFF... GOODBYE	"Dec 23, 2017"	0:04:36	8720	36.9	9443	723.9907	21	65545	9.07
wZBDvFHuu5M	The neighborhood is dying and NBA 2K knows the fix...	"Oct 1, 2018"	0:09:47	3915	71.67	4409	719.7896	4	20316	7.18
F_tHXXetquM	hassan whiteside is better at 2k19 than irl basketball	"Oct 5, 2018"	0:07:00	5316	66.84	5961	696.117	3	25853	10.64
jwoer7lIQQQ	WE'VE BEEN LIED TO ABOUT NBA 2K20...	"Sep 8, 2019"	0:09:10	3876	50.07	4515	690.8126	26	65953	3.89
S8h9O6tEQhw	NBA 2K19 moments that make you delete every player off your friends list	"Feb 5, 2019"	0:06:19	5436	61.91	6298	663.8965	4	41919	8.45
6Dx9BBXn7uY	CAN A NOOB FAKE IT AS A PRO NBA 2K19 PLAYER??!	"Oct 11, 2018"	0:07:49	4516	54.51	5071	661.8808	4	31275	9.02
XMfJODTxrHc	WILD GAMEWINNER vs. THE #1 RANKED PLAYER ON THE NEIGHBORHOOD!! FATAL ERROR ON THE LAST PLAY	"Nov 30, 2018"	0:04:42	7546	49.6	8360	656.5359	2	186968	2.79
gZtgsM88YVo	life as a playground VIP is rough...	"Sep 11, 2018"	0:07:17	4806	63.61	5362	650.8963	4	24874	10.43
asjqDnXNA5w	I returned to NBA 2K18 and REGRETTED every moment..	"Dec 1, 2018"	0:04:01	8629	48.46	9369	629.2947	33	66625	9.47
YkBjLIlIsfU	INTENSE HIDE AND SEEK GAME IN THE 2K19 PLAYGROUND!! HIDDEN ALLEYS AND BUSH HIDING	"Sep 7, 2018"	0:06:30	5053	64.29	5725	620.6229	6	38225	8.1
w8iVkU_aGgQ	99% OF NBA 2K19 PLAYERS ARE AFRAID TO PLAY THIS EVENT...	"Nov 7, 2018"	0:06:50	4761	61.86	5377	613.4708	5	26263	11.14
bct_PHC12V4	"2K RESTRUCTURING AFTER A PRICELESS OOPSIE, STEEZO vs POWER GETS PERSONAL... #2KDramaAlert"	"Apr 10, 2019"	0:11:15	2660	59.42	3200	600.502	3	43474	3.8
oBjjhl_FlJc	TRYHARD THROWS HIS CONTROLLER ACROSS THE ROOM AFTER WE'RE DONE TROLLING HIM...	"Apr 9, 2018"	0:07:58	3856	51.58	4486	595.8239	0	36447	7.2
7M5P3wDLKpc	"NBA 2K20 GAMEPLAY TEASED, BIG GAMEPLAY CHANGES PROPOSED #2kDramaAlert"	"May 25, 2019"	0:13:31	2278	60.86	2627	592.3974	0	34085	2.94
-xYm8l9gSh8	nba 2k moments that make you question your own existence	"Apr 3, 2019"	0:07:27	4069	62.83	4746	589.7306	4	27246	9.57
Oe7XfpBZ9Qs	PRANKING CASH NASTY AND BLAMING HIM FOR THE LOSS! HILARIOUS REACTION!	"Jun 22, 2018"	0:08:19	3529	50.62	4217	584.6517	2	33044	7.64
YQnjAtGGRbA	"NBA 2K YOUTUBERS QUICKLY TURN AGAINST EACH OTHER, CASHNASTY LOSES HIS MIND + MORE #2KDramaAlert"	"May 30, 2019"	0:10:04	2675	66.64	3221	540.8105	5	39318	3.54
h-iHLIh8zFA	KEEMSTAR IS SHUTTING DOWN THE SHOW! NBA 2K WILL NO LONGER BE PAY-TO-WIN?!!	"May 9, 2019"	0:10:05	2678	56.43	3184	535.51	9	33138	5.36
dspM472Jf8A	NBA 2K20 IS SCRAPPING THE ARCHETYPE SYSTEM! MYPLAYER BUILDER INTRODUCED!	"Jul 29, 2019"	0:08:01	3574	51.41	3991	534.0725	2	52075	3.38
ZsW7b-0K3z0	"FIND RONNIE2K = WIN 1,000,000 VC!! NBA 2K19 TRIVIA CHALLENGE"	"Oct 26, 2018"	0:07:00	4037	61.93	4551	531.5724	4	33915	7.73
mqi6oT4aFZQ	TRYHARDS GET ANGRY PLAYING WITH THE WORST 99 OVERALL ON 2K19	"Jul 24, 2019"	0:06:57	4039	61.26	4557	528.8567	5	21568	6.18
fOS9DIeMcBw	i went undercover to tryout for a pro-am team and air balled ALL my jumpshots...	"Mar 22, 2019"	0:06:25	4305	53.78	4803	513.7425	8	19503	6.43
82xJAh21fZA	HACKER OFFERED TO HELP ME IF I STAYED QUIET ABOUT THE 2K UNDERWORLD...	"Mar 16, 2019"	0:06:00	4680	56.61	5136	513.6248	5	38634	7.71
x-97VnqZirs	"HACKER CHALLENGES NBA 2K TO FIND & BAN HIM, NADEXE SHOWS WHY HIS IQ IS UNDER 25!"	"Nov 24, 2018"	0:06:11	4322	60.79	4875	502.9556	17	61893	4.68
iD5GMp8ZpP0	BLEACHER REPORT VIOLATED NBA 2K18 AND RONNIE2K WITH THESE ROASTS	"May 26, 2018"	0:05:50	4304	61.86	4954	481.8363	8	57931	5.57
ZwNdf3vHBW0	i brought a max 5'10 pure slasher to the bouncy cages in nba 2k19	"Sep 7, 2018"	0:05:55	4329	64.69	4852	478.6912	2	30777	7.75
pwar91-8jIY	your favorite nba 2k youtubers are not as good as you think...	"Nov 26, 2018"	0:06:04	4159	44.97	4701	475.6929	10	34033	9.06
XlNKtuP5KMo	ROOKIES GET A SURPRISE ON NBA 2K17!!! HELPING BROWN SHIRTS REP UP AND WIN GAMES ON MYPARK!!	"Mar 12, 2017"	0:08:49	2673	52.16	3114	457.9139	1	21389	6.3
ocfv5u8nyOA	USING VC TO BUY THINGS IN REAL LIFE...	"Aug 19, 2019"	0:05:56	4199	82.48	4562	451.5069	2	20864	2.52
HZjVYonz1pI	NBA LIVE JUST TOOK ITS LAST BREATH... NBA LIVE 20 CANCELLED	"Jul 31, 2019"	0:06:36	3849	43.16	4090	450.661	5	21411	1.64
vS1ESGD3ew4	70 OVERALL ROOKIE USES GOOGLE HOME TO OUT-SMART TRYHARDS!! HILARIOUS REACTIONS	"Oct 3, 2018"	0:07:05	3146	53.11	3607	426.2285	6	22375	10.27
-7GTk3xrfzs	i traded accounts with a 98 overall for a day and it was pretty disappointing...	"Nov 8, 2018"	0:06:16	3569	61.98	4071	426.1413	0	24777	9.69
xhbMtTH9qNo	im sorry for selling out...	"Aug 28, 2019"	0:06:54	3018	51.17	3472	399.7077	11	24970	3.64
UhMarw060RU	i tried using the greatest 2k17 jumpshots on 2k19 and ACCIDENTALLY found a gem	"Nov 11, 2018"	0:05:35	3637	52.55	4240	394.876	4	30595	9.21
-wMUnae-wnU	THE NBA 2K COMMUNITY MUST BE STOPPED	"Jul 20, 2018"	0:07:06	2881	53.37	3330	394.4531	7	36679	5.36
XjM3J9VN92E	THIS NBA 2K19 VIDEO WILL GET 10 MILLION VIEWS	"Dec 13, 2018"	0:06:28	3200	63.45	3641	392.7067	1	20262	9.28
0Kjn-uxldRE	jr smith left the party after i choked the biggest game of the year	"Sep 25, 2018"	0:06:22	3325	60.42	3687	391.7259	4	15992	9.86
aCquvt_BiCo	LAST DAY OF FREEDOM BEFORE NBA 2K20 RELEASES...	"Sep 5, 2019"	0:07:59	2404	51.64	2794	372.3105	1	38304	4.39
3h5y0cGMRNw	I MADE A LAG SWITCH TO PROVE NBA 2K DEVS WRONG...	"Jul 1, 2018"	0:06:13	3103	43.82	3579	371.6069	1	33029	6.82
25m8rQ4XjHs	"NBA 2K DEVELOPER TEASES BIG CHANGES IN NBA 2K20, NEW CONTACT DUNKS & INTROS"	"May 5, 2019"	0:12:44	1445	60.52	1700	361.2474	0	19612	2.77
DRPOrmJ9SMc	HANK RAGE QUIT NBA 2K17 AFTER THIS! TROLLING YOUTUBERS ON MYPARK	"Jun 17, 2017"	0:06:18	2811	53.22	3365	354.2175	0	27621	7.41
aAXsu7xOOgg	im tired of being disrespected by the 2k devs...	"May 14, 2019"	0:07:52	2316	46.8	2695	353.8805	2	19195	8.18
8k8zWTtz7LE	i challenged nba 2k19 developers to a game and this happened...	"Sep 10, 2018"	0:06:15	3010	50.92	3352	349.3935	0	17098	10.88
56GVA4XjCTI	THE ALLEGATIONS MADE AGAINST THESE 2K PLAYERS ARE NOTHING TO JOKE ABOUT...	"Jan 12, 2019"	0:08:53	2055	64.16	2359	349.3654	0	20297	6.2
zP3HPtOl08s	SHOOTING WITH CASH NASTY'S REAL LIFE JUMPSHOT IN NBA 2K17 WENT HORRIBLY WRONG! IMPOSSIBLE TO HIT	"Jul 24, 2017"	0:07:37	2300	42	2742	348.3434	1	27330	6.37
xcyQQZ-eUhc	RUNNING THE CHINO HILLS OFFENSE ON NBA 2K17!!!	"Jan 11, 2017"	0:08:36	2151	59.57	2373	340.4357	0	13866	7.6
35-KNBZ7ssE	"SHAQ CAUGHT FAKING GAMEPLAY TO SELL HIS GAME, KORZEMBA EXPOSED BY STEEZO AGAIN"	"Feb 28, 2019"	0:08:34	1987	51.85	2316	330.8929	1	19373	6.58
F0t3WCQrQ_w	nba 2k moments that i'd pay money to forget	"Apr 17, 2019"	0:07:00	2116	56.5	2807	328.2234	4	17324	8.49
gXxi9Ne0DYU	CHRIS SMOOVE EXPOSES NBA 2K FOR AN UNFINISHED PRODUCT!!?	"Jul 11, 2018"	0:06:25	2569	54.59	2927	313.827	11	28950	6.22
eFz6L3wvqHE	i teamed up with the #3 ranked cage player & everyone was too afraid to play us...	"Jan 5, 2019"	0:06:38	2517	65.18	2816	311.5308	7	12137	10.05
OA7a1hbpg0A	I WAS DEPORTED FROM THE UNITED STATES... 2 SECONDS FROM LOSING MY LIFE	"Mar 3, 2018"	0:09:20	1699	45	1973	307.0619	1	24513	4.97
9k44tKW317w	"YOU KNOW YOU PULLED OFF A MIRACLE, WHEN EVEN THE NBA 2K DEVS ARE CONGRATULATING YOU"	"Mar 11, 2019"	0:06:45	2395	64.63	2690	303.2595	2	19106	6.74
XgLrdAYzacA	ROOKIES REACT TO PLAYING WITH A 99 OVERALL FOR THE FIRST TIME!	"Feb 18, 2018"	0:05:50	2710	46.16	3047	296.8976	7	24419	7.33
5AtSvgA9Tp0	instead of fixing nba 2k19... this is what the devs have been up to...	"Nov 1, 2018"	0:07:38	2020	62.47	2258	287.6015	0	16572	6.89
w9RThC_YH_U	HELPING CHRISTMAS NOOBS LEVEL UP AND WIN GAMES ON 2K19	"Dec 27, 2018"	0:05:22	2703	62.39	3035	271.9324	2	21183	8.62
bSJB3TKEtOQ	the dark past of nba 2k19 is quickly catching up to it	"May 1, 2019"	0:12:23	1097	48.07	1299	268.1638	1	18520	3.94
qwBOcrxsjIg	NBA 2K17 - FULL MYCAREER STORY LIVESTREAM - SG Sharpshooter 87 Overall!!! (PART 1)	"Sep 16, 2016"	0:17:08	736	4.71	937	267.7408	5	10252	6.06
Pl_05ITwbP0	my park after dark talent show went off the rails when a 95 overall got on stage	"Sep 30, 2018"	0:05:04	2775	61.98	3139	265.3655	1	19060	9.19
S2HnqUIB630	FIRST 98 OVERALL ON NBA 2K19 CHEATED?? TOP REP DRAMA vs. ANNOYING vs. NADEXE EXPOSED	"Oct 18, 2018"	0:08:13	1664	55.88	1931	264.6665	3	15638	7.23
H2zerMp8KSM	ROOKIE GETS IN A FIGHT AFTER THE GAME!!! HELPING BROWN SHIRTS REP UP AND GET WINS ON NBA 2K17!!!	"May 5, 2017"	0:08:27	1603	57.63	1870	263.4363	0	12356	8.06
XjO7UZAfFGw	EASY AUTOMATIC GREENLIGHTS FOR ANY BUILD!! *MUST WATCH* FOR SH00TERS	"Sep 14, 2018"	0:03:16	3880	27.02	4648	253.2661	18	55693	5.71
VE-jNufVmfY	#8 RANKED PRO-AM TEAM RUNS AN INSANE OFFENSE! TRAGIC LOSS vs. GAME-WINNING BUZZER BEATER	"Jan 23, 2018"	0:06:46	1989	50.87	2241	252.9971	1	20279	6.93
GehIJ9xsc0o	i found & visited the nba 2k19 servers to find some answers and ended up buying a house	"Nov 10, 2018"	0:08:22	1570	47.9	1808	252.3769	0	15129	6.8
G6G1_M7KBb0	the KING of SHARPSH00TERS is back from RETIREMENT!!	"Oct 23, 2018"	0:05:52	2283	54.7	2541	248.6569	2	13733	10.6
vX9JjAKrH9o	USING DRAKE'S REAL LIFE JUMPER IN NBA 2K18!!! HALF-COURT GREEN RELEASES!!!	"Apr 4, 2018"	0:06:05	2177	56.02	2449	248.4702	1	20597	7.11
QtSKaP8XDEE	INTENSE GAME OF HIDE N SEEK ON THE PLAYGROUND	"Sep 28, 2017"	0:06:35	1980	58.67	2214	243.1967	1	15300	8.37
ovI3BbIn-EU	"1 BASKET = 50,000 VC FOR THIS 9 YEAR OLD KID! ROOKIE SURPRISES 99 OVERALL ON NBA 2K18!"	"Mar 17, 2018"	0:07:35	1690	47.49	1911	241.9996	2	23551	5.2
gvOTMn7il0U	GETTING INTO ARGUMENTS WITH MYPARK YOUTUBERS!! HILARIOUS REACTIONS	"Jun 10, 2017"	0:05:47	1923	60.24	2481	239.5404	2	14542	11.32
L4H-Dt5M_40	"99 OVERALL EMBARESSES HIMSELF *LIVE*, YOU CAN PAY TO USE A 99 OVERALL PLAYER?!?"	"Oct 30, 2018"	0:08:41	1359	69.04	1596	231.3882	1	13249	5.82
SD8zFs3CUTg	2 YEARS AFTER DROPPING OUT OF SCHOOL TO PLAY NBA 2K FULL TIME...	"Oct 21, 2018"	0:03:19	3709	32.7	4177	231.074	11	30486	10.13
Xlkt8l6twFI	I PLAYED NBA 2K19 WITH MY TINDER DATE...	"Dec 16, 2018"	0:05:16	2323	50.31	2617	230.0582	2	13219	8.63
HdaOa0YmPY4	PRANKING BROWN SHIRTS ON NBA 2K17 FAILED MISERABLY!!	"Apr 6, 2017"	0:08:04	1488	62.79	1668	224.3174	3	10738	7.41
xUsuWtjNYhc	ULTIMATE TEST OF HOF LIMITLESS RANGE AT RUFFLES 4 POINT EVENT!	"Oct 3, 2017"	0:06:33	1783	60.79	1999	218.4041	1	16726	7.34
olzNGjcokJ0	NBA 2K17 - MOST DIFFICULT SHOOTING FORM CHALLENGE IN NBA 2K17	"Sep 17, 2016"	0:03:04	3889	42.99	4226	217.0181	1	56889	4.81
SL4h6Zv9EWE	ROOKIE GETS DROPPED BY TOP DRIBBLER!! THE TOUGH LIFE OF A BROWN SHIRT IN NBA 2K17	"Jun 1, 2017"	0:05:04	2247	60.9	2516	212.8035	1	20776	6.85
mDXBYlGJsCo	NBA 2K TRICKED ME INTO SIGNING... so i'm suing them to get my money back	"Dec 20, 2018"	0:07:14	1547	50.01	1734	209.1032	2	14410	6.14
wh_CvvNoaOM	2K developers left NBA 2K20 in the background and thought we wouldnt notice...	"Jun 21, 2019"	0:08:05	1313	51.31	1511	203.7281	9	17203	3.8
e3YUbYMyv0w	"2K PLAYER DISCOVERS WEIRD EASTER EGG, NEW UPDATE SECRETLY RELEASED LAST NIGHT #2KDramaAlert"	"Mar 27, 2019"	0:08:49	1108	64.49	1322	194.4443	1	15188	3.98
JUv0SulwMH4	WHY DID 2K DO THIS TO NBA PLAYGROUNDS!!?	"Oct 17, 2018"	0:06:48	1424	56.01	1713	194.2961	6	13009	7.37
VS3tgezIfJM	"NBA 2K IS BANNING PLAYERS AFTER A 'REAL' INVESTIGATION, 2K LEAGUE SUPERSTAR GOT CAUGHT & BANNED"	"Nov 13, 2018"	0:07:35	1292	45.06	1454	183.7981	3	19754	4.13
HkSy1nc_MJ0	99% OF 2K PLAYERS WILL CRINGE WATCHING THIS GUY PLAY...	"Jan 12, 2018"	0:04:48	2043	58.12	2290	183.7531	1	13714	10.63
84_dwLCZPbc	NBA 2K ABANDONING 2K19 AFTER NEW MAP FOR THE NEIGHBORHOOD RELEASES #2KDRAMAALERT	"Dec 13, 2018"	0:07:44	1198	65.96	1397	180.4456	2	15206	4.43
QiCP9biIGBA	IS NBA 2K19 PURPOSEFULLY SABOTAGING THEIR GAME??!	"Oct 29, 2018"	0:09:28	980	65.53	1110	175.3863	0	8735	5.54
ktPQflxQD3E	DROPPED 110 POINTS WITH MY SHARPSHOOTER!! DOMINATING ON PRO-AM EASILY!!!	"Mar 22, 2017"	0:07:03	1293	57.74	1489	175.066	0	10822	8.6
1NWURegCMJs	RESET REP WAGER BACKFIRED! TRIPLE ANKLEBREAKER ON MYPARK GAMEWINNER!	"Jul 8, 2017"	0:04:59	1787	51.7	2094	174.4348	0	19222	7.74
fJXPkAwSggQ	HELPING ROOKIES EARN VC ON THE ANTE-UP!! NBA 2K17 BROWN SHIRTS GET A SERIOUS SURPRISE!!!	"Mar 16, 2017"	0:05:30	1626	65.6	1829	167.978	2	12646	8.22
SOKDgM0vzaM	NBA 2K LOSES MASSIVE AMOUNTS OF MONEY AFTER SHOCKING DISCOVERY	"Dec 3, 2018"	0:09:53	853	65.75	984	162.2723	0	12392	3.9
7S5UjF-wlQo	THE BIGGEST HYPOCRITE IN THE NBA 2K17 COMMUNITY!!! HIS WAY IS THE ONLY WAY!!!	"Nov 28, 2016"	0:10:05	799	51.86	932	156.6673	2	7207	6.49
2S54-qxxuXI	SHOOTING WITH NADEXE'S REAL LIFE JUMPER IN NBA 2K17!!! UGLIEST JUMP SHOT IN THE GAME!!!	"Mar 4, 2017"	0:05:12	1602	48.65	1796	156.0682	1	16285	6.23
Sr86rSUaOsI	"NEW GAMEBREAKING GL1TCHES THREATEN TO DISABLE ONLINE GAMEPLAY, DRAMA/CHAOS IN 2K19"	"Oct 2, 2018"	0:07:56	983	74.06	1151	152.2575	0	9191	5.85
-zVTJl_ty4o	"NBA 2K RELEASES EMBARRASSING SURVEY, RONNIE 2K TRIES TO SAVE 2K18"	"Apr 23, 2018"	0:05:08	1496	48.89	1763	150.8391	1	5183	2.45
xqk-gFBUmFw	my build is useless after the latest patch...	"Sep 20, 2018"	0:05:56	1356	40.44	1510	149.425	1	12037	8.37
wPY2v_wGkyU	IMPOSSIBLE SH00TING CHALLENGE ON NBA 2K18	"Oct 12, 2017"	0:07:12	1099	49.44	1219	146.4882	0	9802	7.23
XrQ6JVHbi_U	NBA PLAYER TYREKE EVANS EMBARRASSES ME ON THE PARK...	"Feb 22, 2018"	0:05:55	1283	58.32	1424	140.7141	0	11958	6.33
e-OeSZ3opqQ	I'M THE #1 RANKED NBA 2K PLAYER ON THE NINTENDO SWITCH	"Jan 20, 2018"	0:03:21	2159	43.36	2455	137.2026	6	21261	7.72
789L9sqyoio	RECKLESS GAME-WINNING JUMPSHOT IN THE CLUTCH vs. #9 RANKED PRO-AM TEAM	"Jan 31, 2018"	0:06:27	1126	54.48	1272	137.0528	0	7908	9.85
90aEtCHa_rU	I GOT TACKLED BY A 7FT NBA PLAYER SITTING COURTSIDE!	"Mar 6, 2018"	0:04:59	1443	48.63	1643	136.7065	6	14820	7.92
L_DYhBVMW3Q	SHOOTING WITH MY OWN REAL LIFE JUMPSHOT IN NBA 2K17!! HILARIOUS FULL COURT SHOTS!!	"Aug 19, 2017"	0:05:04	1396	50.11	1597	134.919	0	11395	9.06
kOdozBzzD5Y	AGENT vs. GEESICE - BIGGEST PRO-AM MATCH OF THE YEAR	"Jan 6, 2018"	0:06:53	1002	51.35	1153	132.4044	0	9779	6.58
cNXMQyVCSNI	THE NASTIEST CROSSOVER IN NBA 2K HISTORY WILL BLOW YOUR MIND...	"Jul 7, 2018"	0:05:06	1337	59.6	1491	127.1201	1	11764	7.32
gOpdkxvNsc4	SHOOTING WITH JESSERTHELAZER'S IRL JUMPSHOT IN NBA 2K17!! IMPOSSIBLE TO HIT FROM DEEP!	"Jul 7, 2017"	0:04:52	1258	50.95	1506	122.5587	2	9127	9.96
P7kUf2d49rg	USING MY IPHONE AS A CONTROLLER TRANSFORMED ME INTO AN ELITE DRIBBLER	"Apr 14, 2019"	0:06:49	947	57.75	1072	121.9282	1	10898	5.67
lBGu5EzwTdg	TINY SLASHER MADE HIM DELETE HIS PLAYER AFTER THIS...	"Nov 23, 2017"	0:03:59	1660	50.33	1817	120.6724	0	16397	7.48
D1Nh9WPoTXk	MARKELLE FULTZ REAL LIFE JUMPSHOT IS INSANE IN NBA 2K18	"Jan 17, 2018"	0:05:23	1211	63.39	1333	119.7022	0	7579	8.92
BNKkSLYLzVE	My SLASHER can SH00T better than your SHARPSH00TER	"Dec 13, 2017"	0:04:24	1468	47.12	1621	119.2499	0	12930	7.06
nx8KyCRTwdM	THE BUILD THAT CAN LITERALLY DO EVERYTHING...	"Sep 16, 2018"	0:03:39	1565	53.32	1865	113.7958	4	20420	5.46
zYtNhGXrkbY	I CHALLENGED DRAKE TO A GAME AND HE RAN AWAY 5 TIMES!! PRICELESS REACTION!	"Feb 24, 2018"	0:07:36	756	55.09	889	112.7854	2	7759	6.2
mz-U7kuRMTw	THE GREATEST BASKETBALL GAME EVER RELEASED...	"Mar 28, 2018"	0:06:22	938	39.36	1060	112.7669	1	10617	6.5
YLWpSaFovwk	ALL THE 'REAL' NBA 2K18 GAMEPLAY ON YOUTUBE	"Jul 31, 2017"	0:08:33	640	39.11	774	110.331	1	8497	5.33
Fu8FjHWqLps	"NBA 2K PLAYERS REVOLT AFTER BEING SCAMMED & 2K APOLOGIZED, NEW ALL-TIME SCORING RECORD"	"Dec 28, 2018"	0:06:41	857	72.39	973	108.3918	0	11169	4.41
7xSCze8vfZQ	i set up nba 2k19 in my jeep and challenged my city to a simple wager	"Jan 17, 2019"	0:06:58	835	50.92	927	107.6531	0	10139	5.34
5uv96YXc8Eg	"""DAMN AGENT, YOU GOT REALLY FAT"" ... serious answer"	"Dec 19, 2018"	0:03:38	1547	34.14	1760	106.6554	3	19336	5.63
ylPD563-onQ	"PLACED A SPY ON THE OTHER TEAM! PRANKING MYPARK PLAYERS w/ Swante, Ipod and Fanum"	"Jul 15, 2017"	0:04:55	1163	59.77	1289	105.9338	0	10654	7.66
hbrQls7KoJY	"AFTER PLAYING NBA 2K19 ALL DAY, I'M CONVINCED..."	"Aug 30, 2018"	0:09:01	583	54.31	702	105.5958	0	7496	5.44
q7AZH25Gd2A	NBA 2K SCRAMBLING TO FIX SH0T CONTEST AND STEALING ISSUES #2KDramaAlert Agent vs. CrashyLion	"Sep 16, 2018"	0:05:58	943	65.71	1054	105.0485	1	9124	6.61
FRZ66wLPvCY	RONNIE 2K GIVING ME FREE VC TO UPGRADE MY 6'3 GLASS CLEANER	"May 31, 2017"	0:05:09	1057	49.95	1194	102.5416	0	11157	6.61
MpmZSgBtQUk	THE ULTIMATE TEST OF LIMITLESS RANGE ON NBA 2K17!!!	"Feb 23, 2017"	0:03:18	1675	46.91	1831	100.9273	2	8217	15.15
4O1xQTmX6nk	8 TYPES OF PLAYERS YOU SEE ON THE PLAYGROUND IN NBA 2K18!	"May 7, 2018"	0:06:59	780	53.13	856	99.6684	0	10278	4.7
YMvT_Q7yQTY	"NBA 2K'S real MONEY MAKER is on IOS, not PS4 or XBOX One..."	"Nov 22, 2018"	0:06:02	840	53.64	980	98.718	1	8611	6.87
caUTN_84cco	I DROVE ALL THE WAY TO THE USA TO GET NBA 2K19 EARLY!!	"Sep 4, 2018"	0:06:33	777	56.04	897	98.16	1	10181	5.23
FsMCPbQAS2Y	PURE SHARPSH00TER CAN DOMINATE 1v1! PLAYING NEW GAME MODES: H.O.R.S.E & AROUND THE WORLD	"Sep 16, 2017"	0:05:36	939	54.97	1025	95.9486	0	11885	5.23
3s5Mp44VwrY	NBA 2K19 IS ON LIFE SUPPORT... AND NBA 2K IS REFUSING TO SAVE IT	"Dec 22, 2018"	0:06:12	810	57.63	905	93.582	0	6996	2.69
NRuOBexgm_8	RONNIE 2K PLANS ON LEAVING NBA 2K? NADEXE TERMINATED FROM YOUTUBE #2KDramaAlert	"Feb 2, 2019"	0:07:13	657	59.65	768	92.5188	1	13388	2.85
Pzgb617EMwA	THE NBA 2K AWARDS!	"Jul 13, 2017"	0:06:37	714	51.3	834	91.9779	0	8316	6.17
VuX9_1-mdVA	SCARED THIS ROOKIE OUT OF HIS MIND WITH THIS PRANK ON NBA 2K17!!!	"Mar 29, 2017"	0:05:11	950	56.54	1058	91.55	1	6010	9.6
r0pWP3CUlow	UNLOCKING NEW JELLY PARK BADGE ON NBA 2K17! TINY SLASHER DOING MAJOR DAMAGE!!	"May 15, 2017"	0:05:13	939	65.89	1019	88.7812	0	6304	8.53
zV9PHT3blkI	SURPRISING ROOKIES ON THE PLAYGROUND IN NBA 2K18	"Oct 25, 2017"	0:06:08	781	60.07	864	88.368	0	8566	4.88
jAZGLpLr54A	ROAD TO 99 OVERALL! PLAYER TRANSFORMED! PURE SHARPSH00TER SH00TING LIGHTS OUT	"Sep 26, 2017"	0:05:52	779	55.1	874	85.472	0	6453	7.13
RDajBeRKRtU	RESCUING CHRISTMAS NOOBS & HELPING THEM GET WINS IN NBA 2K18	"Dec 26, 2017"	0:07:21	616	59.76	693	84.9044	0	6356	5.62
Y5tmaVmxFhE	MY PRO-AM TEAM HIT ELITE 6... PLAYING WALK-ON PRO-AM	"Dec 6, 2017"	0:07:23	606	55.23	684	84.2715	0	5638	6.33
mdCJFY5Gkgw	don't make the same mistake i did... forced to start over	"Sep 13, 2018"	0:05:34	818	55.32	906	84.2353	0	8531	5.72
mgyvxSYT9rY	"""WHY AM I MISSING WIDE OPEN GOOD RELEASES""...ANSWERED!"	"Oct 1, 2017"	0:03:51	1156	28.01	1303	83.6281	10	24266	3.36
yn7XLNSwkqE	SHOOTING WITH FLIGHT REACT'S IRL JUMPSHOT IN NBA 2K17!!! NEVER EXPECTED THIS RESULT.....	"Mar 20, 2017"	0:04:54	875	45.48	1020	83.3723	2	7368	8.37
OZPqaWlsqnE	IMPOSSIBLE GUESS THAT JUMPSHOT CHALLENGE	"Jan 15, 2018"	0:07:24	599	68.39	671	82.8612	0	5313	5.29
jpyYKrFAk7M	"TOP YOUTUBE SHARPSHOOTER'S FACEOFF vs. King Shawn, Dman, KiddKuda, Swante,  Juiceman [NBA 2K17]"	"Dec 29, 2016"	0:06:36	652	52.92	747	82.2428	0	6344	6.51
08KDsp-HIhE	EXPOSING LAG SWITCHERS IN NBA 2K18!! WILL THE 2K DEVS RESPOND?	"Jul 3, 2018"	0:05:43	739	63.45	862	82.1872	2	6955	7.35
vJWBm4RqNSc	WHAT 1000 HOURS OF SLASHER EXPERIENCE LOOKS LIKE! NBA 2K18	"Apr 14, 2018"	0:03:28	1244	48.57	1389	80.3982	5	13800	6.38
QiLhLNqAtH0	"BEFORE YOU PLAY THE NBA 2K20 DEMO, YOU'LL WANT TO WATCH THIS..."	"Aug 21, 2019"	0:03:57	1077	26.69	1217	80.13	6	29802	2.17
fSaJgLR6eUA	nba 2k18 but instead a lot of cringe	"Oct 7, 2017"	0:02:35	1632	42.53	1849	79.9497	5	12030	11.62
1wdQjrIFa9A	THE STATE OF THE NBA 2K COMMUNITY	"Apr 27, 2017"	0:05:27	720	38.04	867	78.7783	2	8768	6.34
P47iMW37g_4	33 THINGS I HATE ABOUT NBA 2K18	"Apr 25, 2018"	0:07:55	506	42.28	593	78.3523	0	6124	6.27
SbA0YbbRwTU	"CHRIS SMOOVE ANGRY AT NBA 2K, MIKE WANG FIRES BACK ON TWITTER, NEW NBA GAME ON THE HORIZON!!"	"May 14, 2018"	0:04:15	961	46.19	1098	77.9015	1	8978	8.1
P7DLTilbAY4	THE LAST JUMPSHOT YOU'LL EVER NEED TO EQUIP...	"Nov 6, 2018"	0:02:53	1293	31.94	1597	76.9443	6	11834	10.01
Z_P4sW2Sx9Q	THE SHOT THAT COST ME AN 11 MILLION VC JACKPOT ON ANTE-UP	"Apr 17, 2018"	0:04:08	972	41.12	1110	76.7007	1	7781	10.28
iEBXo09S07Y	USING SOLLUMINATI'S REAL LIFE JUMPER IN NBA 2K18!! WIDE OPEN BRICKS...	"Aug 14, 2018"	0:06:28	612	58.23	708	76.501	0	6108	6.32
QosmJ0pJjVM	WHAT 1000 HOURS OF SHARP EXPERIENCE LOOKS LIKE! NBA 2K18	"Apr 7, 2018"	0:04:12	970	60.04	1088	76.2144	2	8801	7.41
pEhgDkcyILs	SEEING A TINY SLASHER CONTACT DUNK IS THE GREATEST EXPERIENCE ON NBA 2K18	"Nov 13, 2017"	0:06:11	642	49.79	717	73.9729	0	8445	5.74
Abla_BsnvDA	"NBA 2K REVEALS MASSIVE OVERHAUL TO DRIBBLING, NBA PLAYER FURIOUS WITH NBA 2K"	"Aug 11, 2018"	0:11:43	302	69.8	376	73.4891	0	6477	2.7
7Zd6xrzqH7M	nba 2k 6681 days ago...	"Feb 20, 2019"	0:04:25	848	40.98	981	72.4778	2	15464	4.17
PHRlUlYKhN8	IF NBA 2K17 BADGES WORKED IN REAL LIFE...	"Jul 17, 2017"	0:02:23	1644	40.58	1786	71.2665	1	26491	4.51
ZCV_tYjBkkg	MASSIVE FAIL TRYING TO SURPRISE ROOKIES!!! HELPING BROWN SHIRTS REP UP & GET WINS ON NBA 2K17	"Mar 26, 2017"	0:07:19	519	72.01	582	71.1278	0	3080	6.66
ohR8bX2l-cw	BEST GAME MODE IN 2K... MY NEW FAVORITE	"Nov 25, 2017"	0:06:24	583	51.2	663	70.8176	0	5345	7.91
OIVo-6CuRZI	BIGGEST FRAUD IN THE NBA 2K COMMUNITY CLAIMS HE HAS REAL NBA 2K18 GAMEPLAY	"Jun 23, 2017"	0:06:53	532	37.45	614	70.4501	0	5486	6.93
WcYsuDuaaW0	RUNNING THE TRIANGLE OFFENSE ON NBA 2K18	"Jan 16, 2018"	0:05:43	669	59.48	736	70.2905	1	5996	6.85
ZDGhqgzEOhk	"fredo, your fake pranks are making the world a worse place..."	"Dec 18, 2018"	0:05:22	660	43.43	781	69.9041	4	12097	4.45
oavYJGhCY-w	THE SAD LIFE OF A BROWN SHIRT ROOKIE ON NBA 2K17 MYPARK!	"May 27, 2017"	0:05:49	623	51.91	718	69.785	0	5767	6.68
fz0oLWsIBXI	AGENT vs. TROYDAN IN 3-POINT SHOOTOUT!! NEW AGENT 00 PLAYABLE CHARACTER IN NBA PLAYGROUNDS	"Jul 26, 2017"	0:05:56	613	58.65	700	69.3374	0	5822	6.06
F90Nxnk6UR4	ROOKIE TRIES TEACHING ME TO RELEASE JUMPERS ON NBA 2K18! SECRET AUTOMATIC PERFECT RELEASE?!?!	"May 20, 2018"	0:06:10	606	70.08	664	68.2476	0	5648	5.54
Ue0DwXRm5Uc	SHOOTING WITH LSK'S REAL LIFE JUMPER IN NBA 2K17!!! SHOOTING INSANE DISTANCE!	"Jun 20, 2017"	0:04:17	804	50.47	944	67.4908	0	6567	9.15
JL7K1hgzVMc	WHAT IT'S LIKE TO BE A POPULAR YOUTUBER ON MYPARK!!	"May 18, 2017"	0:05:24	667	66.76	739	66.6056	0	6784	6.21
5J__QsqZmIY	CLASH AT THE RIM: 3 PURE SLASHERS vs 3 PURE RIM PROTECTORS	"Feb 8, 2018"	0:05:50	602	57.5	670	65.1764	0	6950	5.7
QUadMSb7pZc	*BEWARE* WATCH FOR THESE FAKE VC & BADGE GL1TCHES!	"Sep 24, 2017"	0:05:39	596	40.83	690	65.1057	0	8860	4.83
0KhYymShg5s	"NEW ARCHETYPES ANNOUNCED, 2K LIED ABOUT VC PRICES, NBA 2K vs. EA BATTLE"	"Aug 25, 2018"	0:08:32	371	60.4	443	63.0994	2	6768	3.37
mdEFf33d1jQ	DON'T CHOOSE YOUR ARCHETYPE BEFORE THIS!! GLASS CLEANERS LOOK INCREDIBLY OVERPOWERED IN 2K19..	"Aug 17, 2018"	0:10:46	294	68.16	348	62.5296	1	5640	2.57
metoX6vMkjk	MASSIVE 1v1 - LOSER RESETS REP in NBA 2K17	"Feb 8, 2017"	0:05:10	629	53.46	709	61.17	1	5215	6.83
uDOwC_BR7SI	NBA 2K JUST GOT CAUGHT BREAKING THE LAW!!	"Aug 28, 2018"	0:07:51	407	64.23	449	58.7956	1	5257	3.82
1y9Rp4mmNTg	WELCOME TO THE MOST TOXIC AREA IN GAMING...*TRYHARD LAG SWITCHES US TO STEAL OUR VC !!	"Apr 18, 2018"	0:05:42	557	49.88	614	58.4468	0	5696	6.64
V9IGVm3qDvw	EXPOSING 'REAL' NBA 2K19 E3 GAMEPLAY & TRAILERS! LOOK AT THESE HIDDEN SIGNS IT'S FAKE!	"May 28, 2018"	0:07:32	396	62.63	465	58.4123	0	5807	4.46
ygK0nC2aaO8	WHY TOP RANKED NBA 2K18 PLAYERS ARE RETURNING TO NBA 2K17	"May 21, 2018"	0:05:58	528	55.31	577	57.5339	0	6765	4.77
OW_XHPpUxzw	AVOID CREATING THESE POPULAR BUILDS IN NBA 2K18 PLAYGROUNDS/MYPARK	"Sep 7, 2017"	0:04:49	625	47.54	696	55.8788	3	10412	3.76
hCNQU516sRk	ROOKIES REACT TO PLAYING WITH 99 OVERALLS FOR THE FIRST TIME! P.2	"Mar 24, 2018"	0:05:14	565	53.69	636	55.5848	0	6334	5.68
XzBvnSrXqnw	THE NBA 2K LEAGUE COMBINE IS A SHARPSH00TERS WORST NIGHTMARE...	"Feb 6, 2018"	0:07:13	410	55.17	462	55.575	0	4142	5.41
nzYCjha8ZBc	"NBA 2K19 LAUNCH DISASTER, NEW BEST ARCHETYPE AFTER UPDATE, POST-LAUNCH NEWS"	"Sep 8, 2018"	0:08:40	320	67.65	375	54.1926	1	6096	2.79
wPpnm2hVoS4	B FRESH REACHES AN ALL-TIME HIGH OF CRINGE WITH HER RAP MUSIC VIDEO REACTION!	"Jun 1, 2018"	0:03:07	892	35.4	1024	53.2672	3	8040	8.77
v_HDEbmAKjo	NBA 2K18: THE WORST 2K OF ALL TIME...	"Jan 11, 2018"	0:03:24	800	33.11	910	51.7166	5	6421	10.51
NUTqheCxSgs	NBA 2K17 - FULL MYCAREER STORY LIVESTREAM - SG Sharpshooter 88 Overall!!! (PART 2)	"Sep 17, 2016"	0:22:15	114	8.73	138	51.2056	1	4041	1.24
IibZK5jEySU	nba 2k18 but everytime ATM smiles Ronnie2K appears	"Sep 10, 2017"	0:04:47	557	43.19	640	51.0649	2	7608	5.7
JiioifHztNE	TROLLING A 97 OVERALL RAPPER GONE HILARIOUSLY WRONG! KING LOS WAS COMING FOR MY NECK AFTER THIS!!	"Aug 19, 2018"	0:04:51	488	45.31	580	47.0079	1	6255	5.85
m-O5wMK8E1M	I MET WITH NBA 2K DEVS TO TALK NBA 2K19...	"Aug 8, 2018"	0:06:53	345	62.33	397	45.5729	2	5579	4.02
Qr8SMCP5qd8	NO ATTRIBUTES/ALL SKILL  vs.  ALL ATTRIBUTES/NO SKILL	"Feb 7, 2017"	0:06:42	349	54.66	380	42.5247	0	3095	6.66
bMkr2L5Mlms	PRO BASKETBALL PLAYER HELPS ROOKIE REP UP!! THE SAD LIFE OF A ROOKIE ON NBA 2K17	"Jun 7, 2017"	0:04:27	503	63.65	564	41.8836	0	4070	7.71
HYQkp3nQd-c	? BROKE MY CONTROLLER PLAYING AT NBA LIVE 18	"Aug 15, 2017"	0:03:36	597	29.64	685	41.2901	0	8147	5.85
B558-EC_WXk	NBA LIVE 19 GAMEPLAY ACHIEVED THE IMPOSSIBLE?!? LIVE 19 vs. 2K19 GAMEPLAY...	"Jun 16, 2018"	0:04:22	485	30.89	551	40.1844	0	5584	6.98
pHAl9Y7fiyc	FASTEST/EASIEST METHODS TO GET ALL HOF SHARPSH00TER KEY BADGES	"Sep 24, 2017"	0:05:13	389	35.45	454	39.5177	1	9823	3.08
oVV_0hxJfuk	SHOOTING WITH OSN'S REAL LIFE JUMPER IN NBA 2K17!!! UGLIEST JUMPSHOT IN NBA 2K17	"May 16, 2017"	0:05:06	402	51.6	460	39.1663	0	4608	5.71
2D2v8BESUzM	I DROVE ALL THE WAY TO THE UNITED STATES FOR A VC SALE	"Jan 22, 2018"	0:04:23	466	54.55	526	38.4967	0	8612	4.16
2DWQ0TXSNgM	I USED MY ARCADE STICK ON NBA 2K18 AND THIS HAPPENED...	"Nov 19, 2017"	0:04:45	425	41.88	485	38.4773	1	5723	4.14
pfcDgvBtKno	WHY WAS NBA 2K HIDING THESE NEW PARKS FROM US?!	"Mar 21, 2018"	0:03:14	622	25.54	689	37.3022	1	6793	6.98
QRHkSzF3Fw8	HELPING ROOKIES REP UP AND GET WINS ON NBA 2K17! HILARIOUS ROOKIE REACTION	"May 23, 2017"	0:05:26	352	59.51	410	37.2103	0	3746	6.3
hIgOcL19Yzc	AUTOMATIC PERFECT RELEASES! BEST JUMPSHOTS IN NBA 2K18	"Sep 17, 2017"	0:02:02	907	32.59	1072	36.392	2	25587	2.25
UAQ_qgAUpQg	WHAT YOUR PLAYGROUND RECORD SAYS ABOUT YOU	"Oct 22, 2017"	0:05:02	389	45.22	431	36.2736	2	5941	4.36
lih4Hb3Vv4E	Study: 95% of NBA 2K Players Will be SH0T CREATORS or STRETCH BIGS by the end of 2018	"Sep 26, 2018"	0:08:38	221	61.6	248	35.6857	0	5019	2.45
z6l8Ohhsddc	#19 RANKED PRO-AM TEAM GETS RUN OFF THE COURT WITH MASSIVE IN-GAME DUNKS!	"Jan 18, 2018"	0:06:52	270	63.59	310	35.5365	1	3819	4.53
GGpc8ZfZXcM	THE NBA 2K LEAGUE IS IN SERIOUS TROUBLE...	"May 6, 2018"	0:07:03	267	60.29	300	35.3185	0	4825	2.94
mkS8RJukcVQ	RlP NBA 2K18... YOU WILL NOT BE MISSED!	"Aug 20, 2018"	0:04:24	427	41.39	479	35.2497	1	5063	6.5
kiAu7gutbTo	DO *NOT* SPEND VC ON YOUR BUILD UNTIL YOU WATCH THIS VIDEO!!	"Sep 5, 2018"	0:02:50	662	27.89	734	34.8622	3	8976	4.57
z0qnpQDAWy8	HILARIOUS REACTIONS TO DELETED MYCAREER PLAYERS ON NBA 2K18	"Nov 9, 2017"	0:05:49	301	47.08	356	34.5919	0	4675	5.05
6i69CMbAVlU	I'M DONE PLAYING THE PLAYGROUND ON NBA 2K18 ...	"Oct 31, 2017"	0:07:59	225	40.3	257	34.2608	0	4521	3.76
WULerWKTgGI	99% OF NBA 2K PLAYERS WON'T MAKE IT THROUGH THIS VIDEO...	"Jun 3, 2017"	0:05:05	331	41.73	393	33.3471	2	4152	6.53
C3KqIGyc4Xg	#1 RANKED PS4 PLAYER TRIES PC VERSION OF NBA 2K18	"Dec 10, 2017"	0:04:13	425	32.84	466	32.8561	0	6270	5.58
RqNiR7Ap-Rs	EVERY LIE NBA 2K TOLD THIS YEAR! NEW REP SYSTEM + YEEZY'S + MORE	"May 14, 2017"	0:06:34	268	48.53	299	32.7705	0	6654	2.8
M4ThnF1QLIY	NBA 2K17 BOUGHT ME MY HOUSE & CAR...	"Aug 8, 2017"	0:03:10	533	17.71	615	32.4922	1	4913	9.22
TPxbor8zm0E	"NBA 2K19 LEAKS CONFIRMED, VC PRICE INCREASE IN 2K19, 2K LEARNS FROM MISTAKES?! #2KDramaAlert"	"Jun 27, 2018"	0:07:15	218	64.95	266	32.2005	0	5241	2.29
9E6Pbv4Aqwc	NBA 2K LEAGUE COMBINE: EVERYTHING YOU NEED TO KNOW	"Jan 27, 2018"	0:04:50	359	36.22	396	31.989	2	6187	4.51
BlIJK8v-GY8	THE GREATEST NBA 2K CHANNELS HAVE BEEN DELETED...	"Jan 25, 2018"	0:05:24	293	47.65	344	31.055	1	5153	4.41
h0S0dnTS_Uw	I BOUGHT & MODDED MY DREAM CAR...	"Jun 3, 2018"	0:04:41	364	40.49	396	30.9575	1	5044	4.92
2caVC6QEgLw	"""WHY AM I MISSING WIDE OPEN GOOD RELEASES IN NBA 2K19"" ... EXPLAINED!"	"Sep 12, 2018"	0:02:39	607	26.32	689	30.5818	5	8885	3.51
dTCpAK25-XA	THIS IS WHY I STOPPED PLAYING PARK ON NBA 2K18...	"Mar 12, 2018"	0:04:48	345	53.39	381	30.5674	0	4192	5.34
a9QCjyYrq4Q	MEEK MILL SHOWED UP TO THE PARK IN A BROWN SHIRT!! USING HIS IRL JUMPER IN 2K18!	"Apr 27, 2018"	0:06:23	251	56.25	287	30.5402	0	2930	4.54
2AWdEocg4LM	USING CLASSIC PLAYSTATION CONTROLLER TO GET ANKLEBREAKERS ON NBA 2K18	"Jan 3, 2018"	0:04:50	314	55.32	374	30.1731	0	4267	5.74
jTvdued7eT8	IM TIRED OF BEING DISRESPECTED BY NBA PLAYERS... AI COOKED ME!	"Dec 2, 2017"	0:07:09	203	61.95	243	28.977	0	3012	4.25
O_erG-zcXmg	2K LEAGUE PROSPECT IS DEFINTELY CUT AFTER THIS GAME-LOSING AIRBALL	"Feb 4, 2018"	0:04:06	380	37.53	418	28.5897	1	5297	5.66
k2XqYZP8ksM	"DEAR 2K, HOW IS NBA 2K19 STILL BROKEN A MONTH AFTER LAUNCH!!? @BELUBA"	"Oct 8, 2018"	0:04:49	308	33.62	351	28.2542	0	5298	4.3
LtnIGkRtqY4	RANKING NBA 2K18 AGAINST THE GREATEST AND WORST 2K GAMES	"Jul 18, 2018"	0:04:02	359	29.85	414	27.842	2	5306	4.92
e77i0QUJT6I	NBA 2K19 LEAKED GAMEPLAY FOOTAGE EXPOSED	"Mar 8, 2018"	0:05:35	261	51.36	294	27.3921	0	4045	4.35
s-WhmSTw5sA	THE DARK SIDE OF NBA 2K...	"Jan 29, 2018"	0:07:17	188	57.39	225	27.3301	0	3655	3.86
9y2hZDNpmPQ	AGENT 00 TRIES NBA TRIVIA ..... AND I AM NO LONGER A RAPTORS FAN....	"Aug 14, 2016"	0:01:28	957	11.53	1108	27.1887	0	5010	17.56
D-UTI0hLvU4	I bought kids 2k19 because they have been playing 2k17 for 3 years	"Dec 7, 2018"	0:05:06	294	49.81	317	27.0162	0	6853	2.58
kONwPWLZNwY	nba 2k19 has passed the point of no return...	"Jan 15, 2019"	0:04:22	324	46.54	366	26.7323	1	6661	3.32
vidCFzdlkJc	"NBA 2K19 LEAKS CONFIRMED, JORDAN REC RETURN, 2K SENDS LAWSUIT TO TROLL"	"Jul 15, 2018"	0:08:47	152	70.15	181	26.5242	0	4931	1.38
RZGPdSOprY0	XBOX vs PS4 CROSS PLAY FOR THE FIRST TIME IN NBA 2K HISTORY!	"Dec 7, 2018"	0:02:25	569	28.73	651	26.2848	4	8314	4.29
fSUg37ZeWHA	NBA 2K LEAGUE PLAYERS ARE LIVING LIKE KINGS!! RAPTORS UPRISING 2.5M HOUSE TOUR!	"Jun 24, 2018"	0:04:56	290	41.21	317	26.0932	1	5591	3.67
S9U1KhfjFWo	HILARIOUS 4FT VINCE CARTER MOD!! MAX DUNKING RATING! INSANE HIGH-FLYING POSTERIZERS!	"Mar 30, 2018"	0:04:46	301	36.77	321	25.5725	0	4155	4.96
g4bEWoJL4lI	COMPLETE BRAIN MELTDOWN USING THE 76ERS IN NBA 2K16	"Jul 25, 2016"	0:01:03	1196	15.85	1404	24.8533	0	5031	22.8
I0-q3HO_OpQ	TINY SLASHER BUILD!!! CONTACT DUNKS ON TALL PLAYERS & QUICK DRIBBLES!! FLOP VS. SUCCESS	"Jan 19, 2017"	0:03:27	393	46.83	428	24.6628	0	3865	6.65
mgj_2YWHGVw	NBA 2K19'S LIFE WILL DEPEND ON THIS...	"Mar 13, 2018"	0:06:41	198	36.3	219	24.4466	0	4926	2.72
K8AByzX51X8	NBA 2K17 - DENVER LEVINS PLAYING ON THE MYPARK!!!	"Nov 18, 2016"	0:06:53	195	55.16	210	24.0989	0	2484	3.99
do3aN7DiD6s	TINY SLASHER FLYING TO DUNK ON TOWERING DEFENDERS! DUNK CONTEST WITH TEAM OF SLASHERS!	"Jun 28, 2017"	0:04:45	262	58.89	302	23.9105	0	3071	5.37
cZOujcPGdaQ	GOLD vs. HALL OF FAME BADGES! THE DIFFERENCE WILL AMAZE YOU!	"Oct 4, 2017"	0:02:41	481	32.65	532	23.8353	2	4863	5.53
9TFCU2VF4T4	AVOID CREATING THESE POPULAR ARCHETYPES IN NBA 2K19! DON'T FALL FOR THE TRAP!	"Sep 3, 2018"	0:04:18	291	44.98	332	23.809	0	6088	4.02
Z1opEhD7GPI	My PLAYMAKER can SH00T better than your SHARPSH00TER	"Oct 16, 2017"	0:04:03	321	50.46	351	23.7141	1	4492	4.63
cH30Zz8HBzo	HILARIOUS NBA 2K18 GEMS YOU'VE NEVER DISCOVERED	"Aug 2, 2018"	0:07:41	150	59.24	182	23.3302	0	3585	3.12
dFR6729EmvU	GAME WINNER AT THE BUZZER TO WIN vs. #5 RANKED PRO-AM TEAM	"Jan 2, 2018"	0:03:50	305	46.75	362	23.2204	0	3930	6.39
0IMKgWnlx4I	SHOT OVER 3 DEFENDERS WITH A FEW SECONDS LEFT FOR 100 POINTS?!?	"Mar 17, 2017"	0:06:09	194	47.25	220	22.5818	0	2620	5.31
2BKyhrCcYe4	I'M A SHARPSH00TER WITH LIMITLESS RANGE ON FORTNITE	"Feb 14, 2018"	0:05:24	226	36.98	250	22.5483	0	2806	5.24
wgz4LB4VRRc	The 3 Things NBA 2K17 Desperately Needs	"Jul 19, 2016"	0:01:31	775	16.71	866	22.1136	0	4711	15.26
CgPCJAEHCAE	"NBA 2K CLOWNS EA FOR CONTROVERSY (EA APOLOGIZES), NEW BASKETBALL GAME TEASED"	"Aug 3, 2018"	0:08:12	127	63.12	161	22.0468	0	4777	1.61
Lgm_BRayhWQ	RETIRING ALL MY ARCHETYPES! ENTERING THE NBA 2K17 HALL OF FAME	"Aug 20, 2017"	0:05:40	204	52.11	228	21.5505	0	3296	4.04
78VdhumbvJc	RONNIE2K DIDN'T DESERVE THIS...	"Jul 31, 2018"	0:05:34	194	55.49	231	21.4708	0	4822	3.03
TZyDmhyxO4Q	THE 6'6 POST SCORER EXPERIMENT!! DOMINANT vs. FLOP!! AGENT 00'S NBA 2K17 POST SCORER BUILD	"Dec 31, 2016"	0:06:54	174	44.61	186	21.4134	0	3156	3.64
SPay7rJ50qM	TINY SLASHER COMPETES IN A MYPARK DUNK CONTEST IN NBA 2K17!! TEAM FULL OF SLASHER'S GO CRAZY!!	"Feb 18, 2017"	0:02:59	375	59.08	416	20.6876	0	3828	6.61
SvRYb5RHx_w	JR SMITH DM'D ME!! HITTING WILD CONTESTED 3'S ON NBA 2K17 MYPARK WITH JR SMITH!!!	"Apr 17, 2017"	0:05:26	201	42.68	227	20.5865	0	3905	3.71
8DOIH7yL0o8	AGENT 00 VS THE ENTIRE NBA 2K17 COMMUNITY IN CHICAGO!!! NBA 2K17 TOURNAMENT!!	"Oct 13, 2016"	0:03:45	285	18.52	327	20.4693	0	3738	6.74
pCXEwo19AB8	i lost all hope for nba 2k20...	"Jun 19, 2019"	0:03:29	312	37.94	347	20.2223	2	13150	1.69
pRCCUHp77rs	NBA 2K17 PLAYERS EXPLAIN WHY THEY STOPPED PLAYING NBA 2K18	"May 10, 2018"	0:04:30	241	68.51	263	19.7713	0	3803	2.89
bH3EZM9r-C8	THE NBA 2K LEAGUE DRAFT IS COMING UP	"Feb 20, 2018"	0:06:24	159	57.86	184	19.6349	0	3123	3.07
cEsdsRQNe84	"NBA 2K RELEASES GAMEPLAY DETAILS, NBA 2K PLAYGROUNDS 2 DOOMED?, RONNIE RAGING AT 2K"	"Jul 28, 2018"	0:07:37	127	64.78	153	19.4361	0	4749	1.52
ax7SZGVVlss	PRETENDING TO BE A PROFESSIONAL NBA 2K LEAGUE STAR ON THE PARK	"Jun 20, 2018"	0:04:49	221	63.04	240	19.2903	0	3294	3.46
bbPwjqmxYfI	WHAT 1000 HOURS OF POST SCORER EXPERIENCE LOOKS LIKE	"May 4, 2018"	0:06:14	167	55.97	185	19.2405	0	3107	3.83
HL7LchU20f4	PLAYING THE OLDEST NBA 2K ON THE SEGA DREAMCAST WITH ALL-TIME LEGENDS!! HILARIOUS GAMEPLAY	"May 12, 2018"	0:02:25	425	21.49	470	18.9908	4	8149	3.93
Z01hWJq0kSg	BREAKING DOWN 15 MINUTES OF NBA 2K19 GAMEPLAY! NBA 2K WASN'T LYING!!	"Aug 27, 2018"	0:05:47	168	40.7	185	17.8804	0	4149	2.6
wr0KpBxz_Gw	NEW NBA 2K18 PLAYGROUND CONFIRMED!! CHRIS SMOOVE LEFT THE 2K COMMUNITY?!?	"May 2, 2018"	0:05:05	171	63.74	208	17.641	0	4479	1.81
kdsQj3yedo0	"CHARLES BARKLEY AT SUNSET BEACH!!! POST FADES, HOOKS, CONTACT DUNKS!!"	"Jan 9, 2017"	0:05:34	170	52.33	188	17.4899	0	2216	5.32
1Mir0RAtzmQ	CRAZY NBA LIVE 18 ANKLEBREAKERS & POSTERIZERS IN ALL-STAR GAME!	"Aug 11, 2017"	0:03:43	247	47.7	281	17.4261	0	3386	5.2
i-CcMRIQw3o	NBA 2K LEAGUE KlLLED PRO-AM...	"Feb 16, 2018"	0:04:04	227	56.09	253	17.188	0	4041	3.44
9nGeK2i_Gnw	EVERYTHING WE KNOW ABOUT NBA 2K19 GAMEPLAY FROM RELEASED FOOTAGE	"Jul 22, 2018"	0:07:15	117	72.3	136	16.4432	1	4505	1.15
A23OQSd5LCc	NBA 2K18 - CAN YOU TELL THE DIFFERENCE BETWEEN A REAL AND FAKE GL1TCH?	"Nov 3, 2017"	0:07:24	119	52.71	133	16.4353	0	2730	3.04
TQhb-r3OJak	NBA 2K17 Mythbusters - FINDING OUT WHETHER LEFT-HANDED PLAYERS CAN SHOOT FASTER THAN RIGHT-HANDED!!	"Feb 27, 2017"	0:02:01	444	24.86	487	16.3808	0	4975	7.78
rhtfEgGQ9vw	MASSIVE BREAKDOWN IN OVERTIME TO THROW THE GAME vs #5 RANKED PRO-AM TEAM	"Jan 4, 2018"	0:05:32	147	54.98	175	16.1422	0	2962	3.71
1c9h0eboNGI	HOW TO LOCKDOWN 3 POINT SH00TERS ON NBA 2K18!	"Sep 28, 2017"	0:06:00	133	42.99	160	16.0288	0	3015	3.02
JP8PntULhr0	"DEVS FINALLY TRYING TO REVIVE NBA 2K18, NEW PATCH INCOMING, LOS POLLOS vs. CASH NASTY DRAMA"	"Jul 5, 2018"	0:06:21	127	67.99	151	15.9979	0	4316	1.65
wJZPeltnxCA	AVOID THESE 4 ERRORS WHEN CREATING YOUR PLAYER	"Dec 29, 2017"	0:06:11	145	57.65	153	15.7794	0	2913	2.99
acLKsyULYEE	NBA STREET V4 vs NBA STREET 2K19!! NBA 2K WILL HAVE SOME NEW COMPETITION	"Apr 20, 2018"	0:04:21	184	35.69	215	15.6019	0	3194	2.5
WduW3xuN_b0	THIS IS WHAT HAPPENS WHEN YOU LET AN NBA 2K PLAYER ON FORTNITE...	"Apr 15, 2018"	0:04:58	165	36.41	187	15.4894	0	2792	4.44
ZoWpgwZ47Zo	THE TEAMMATE GRADE SYSTEM HAS A SERIOUS FLAW IN NBA 2K17!	"Jan 18, 2017"	0:06:04	129	39.71	148	15.0024	0	2432	3.66
M1uWW-Cu1y8	"IT COST ME 45,000,000 VC TO DO THIS..."	"Jun 12, 2019"	0:03:12	248	54.29	277	14.8289	0	9278	1.93
GiqzzDrVeTk	THE FIRST AND LAST TIME I'M PLAYING MYCAREER	"Nov 11, 2017"	0:05:12	151	48.11	167	14.5052	0	2762	3.87
GaURmojXhac	TINY SLASHERS vs. PAINT PROTECTORS IN WILD MYPARK DUNK CONTEST	"Jul 2, 2017"	0:04:06	187	58.58	212	14.4887	0	2724	4.55
0uLTUILNoD0	"NBA LIVE 19 DEVELOPER SNEAK DISSES NBA 2K19, NBA LIVE 19 STIFF ANIMATIONS GONE?!?! #2KDramaAlert"	"Jun 11, 2018"	0:06:08	114	66.68	138	14.1348	0	4716	1.17
JCkVQxRaRfM	SUPERSTAR 4 vs. ALL STAR 4!! FLAWLESS OFFENSE EXPOSES TOP REPS!	"Jan 20, 2017"	0:05:36	135	68.45	144	13.4715	0	2046	3.08
klNT59mqqq0	"SECRET TIPS TO CRAFT THE DEADLIEST JUMP SHOT IN NBA 2K17! BEST BASES, AND RELEASES!!!"	"Feb 14, 2017"	0:02:23	277	14.13	329	13.1344	0	4280	6.14
tZpB1rK2XBU	REACTING TO MY OLD BASKETBALL VIDEOS	"Nov 15, 2017"	0:02:32	277	34.12	303	12.8354	0	3060	7.75
lwH49iQZZGk	USE THESE JUMPSHOTS BEFORE NBA 2K18 DEVELOPERS PATCH IT!! 100% GREEN RELEASE!!	"Mar 1, 2018"	0:03:28	176	25.03	219	12.6825	1	4558	3.44
i3cNOXi61sc	NBA 2K17 - THIS PATCH IS INSANE! GRAND BADGE LIGHTS UP FOR A 95 POINT GAME ONLINE!!! SHARPSHOOTER!	"Sep 30, 2016"	0:04:26	147	48.89	171	12.656	1	2891	4.12
AlpMpIjzUXs	CREATE THESE BUILDS BEFORE IT GETS PATCHED IN NBA 2K19!	"Aug 31, 2018"	0:04:10	152	33.44	182	12.6471	0	4435	2.71
cJSnH2jEkp0	THE GREATEST BASKETBALL GAME EVER DEVELOPED!! THIS GAME NEEDS A RETURN!!	"Dec 26, 2016"	0:04:49	129	40.22	155	12.469	1	2372	3.96
1lTFshCQMPM	NBA 2K17 PRELUDE - FULL STORY LIVESTREAM - SG Sharpshooter 86 Overall!!!	"Sep 10, 2016"	0:06:38	100	5.12	112	12.3988	0	2334	1.93
BpHCS0Ou4Os	THE STORY OF HOW NBA 2K DETHRONED NBA LIVE - NBA 2K17 VS NBA LIVE 17	"Nov 28, 2016"	0:06:32	103	37.82	113	12.3334	1	2649	2.64
Z7xTwadj_ag	Shots FIRED in the NBA 2K Community	"Aug 23, 2017"	0:05:31	101	41.95	132	12.1519	0	2701	2.52
nqVk00T7iAQ	NBA 2K17 - BEST WAY TO SPEND 200K VC UPGRADING MYCAREER ATTRIBUTES IN NBA 2K17	"Sep 9, 2016"	0:02:42	233	34.53	264	11.9515	0	4106	4.51
7cOoLx2UNPA	"HANKDATANK REGRETS QUITTING YOUTUBE, NBA 2K LEAGUE VIEWS DECLINING?!, DRAKE CREDITS NBA 2K FOR SONG"	"May 23, 2018"	0:04:22	126	59.71	164	11.9417	0	4543	2.07
nq_5RP2YSh4	NBA 2K17 - I BROKE THIS GAME!!! 79 POINT GAME!!! SHARPSHOOTER IS A GLITCH!!!	"Sep 19, 2016"	0:04:23	150	52.32	163	11.9388	0	3144	3.37
kyCILqbzt-A	REACTING TO IGN'S NBA 2K17 REVIEW AND RATING!!	"Oct 6, 2016"	0:03:03	211	22	230	11.7061	0	2593	6.67
Ctbp9XL3mls	QUALIFYING FOR THE NBA 2K LEAGUE: EVERYTHING YOU NEED TO KNOW TO GET DRAFTED	"Jan 1, 2018"	0:03:17	199	30.33	212	11.6442	1	3881	3.58
KO5ddKDNQ00	NBA 2K17 IS OUT OF CONTROL!!!! YOU'VE OFFICIALLY GONE TOO FAR!!!	"Oct 24, 2016"	0:12:18	44	53.6	56	11.4808	0	1850	1.89
WS2qnvqVS4U	PLAYING NBA 2K2 WITH ALL-TIME GREATS & PLAYING PARK WITH VINCE CARTER	"Jan 23, 2017"	0:02:55	200	18.02	233	11.3825	1	4979	2.79
Zf1agGKUkPI	THE COLD HARD TRUTH ABOUT NBA LIVE 18...	"Aug 17, 2017"	0:07:55	79	43.03	86	11.3693	0	2474	1.74
4i2NZ_B62iw	HOW TO NBA 2K	"Jan 7, 2018"	0:02:14	263	34.74	304	11.3246	1	3887	4.14
xmrXTpLLlXM	HILARIOUS TINY 6 FOOT SLASHER! MOST EXCITING BUILD IN NBA 2K18	"Nov 5, 2017"	0:03:18	182	56.45	202	11.149	0	2904	3.79
ngy-bNElbXI	JR SMITH DM'D ME!! PLAYING MYPARK WITH JR SMITH ON NBA 2K17!!	"Apr 16, 2017"	0:05:00	122	39.28	133	11.1022	0	2823	3.05
L11AdhPraZo	NBA 2K16 is the BEST GAME IN THE NBA 2K FRANCHISE	"Aug 12, 2016"	0:02:25	243	17.54	274	11.0548	0	3978	5.05
6KrlzZXmt6Q	THE NBA 2K LEAGUE IS FACING AN IMPOSSIBLE PROBLEM...	"Apr 12, 2018"	0:06:53	83	46.31	96	11.0165	0	2628	1.64
wZB-X853RfA	NBA 2K19 CLAIMS TO SCALE BACK ON VIRTUAL CURRENCY?!? FINALLY LISTENING TO THE COMMUNITY	"Jun 29, 2018"	0:05:27	107	49.88	121	10.9973	0	3371	2.25
U9-yd_WzdEc	"EXTREME HOUSE LOOTED PRANK! LOST $20,000..."	"Sep 11, 2017"	0:03:50	153	24.8	170	10.8664	0	2467	4.86
zi3HJRze-yk	TINY SLASHER AND 1 CONTACT DUNK WITH FREE THROWS AT MYPARK!! UPDATE WITH SLASHER BUILD!!	"Jan 29, 2017"	0:03:38	159	47.84	178	10.8107	0	1882	5.15
kb9UXYwTGg4	#1 RANKED *DRIBBLER* vs #1 RANKED *SHARP* on NBA 2K18!! HILARIOUS GAME WINNING ANKLEBREAKER CHOKE!	"Apr 21, 2018"	0:04:40	126	36.12	136	10.6029	0	2893	3.21
tyv44b29ApI	"MASSIVE NBA 2K19 LEAKS, PRIVATE PRO-AM, E3 GAMEPLAY?!?! #2KDRAMAALERT"	"Jun 7, 2018"	0:05:28	94	60.4	115	10.4959	0	4228	1.21
QnhNYxtUhI8	IF YOU THINK NBA 2K17 IS THE WORST GAME OF ALL TIME... YOU HAVEN'T PLAYED THIS GAME!!	"Nov 23, 2016"	0:03:47	149	37	164	10.3672	0	2810	4.09
w7yJtFKDKPs	PLAYING NBA 2K10!!! KOBE HITS THE JORDAN POSE IN-GAME!!!	"Aug 22, 2016"	0:03:55	125	43.06	158	10.3372	0	3333	3.66
64aFnxT18SU	BEST PRO 5 ON MYPARK EMBARRASSES TEAM OF SUPERSTARS!!	"Nov 15, 2016"	0:02:50	201	70.92	214	10.1596	0	2355	4.88
a76bShpwaH8	ENTIRE TEAM OF POST SCORERS ON NBA 2K17!! POST SCORER EXPERIMENT!!	"Jan 27, 2017"	0:05:09	111	47.27	118	10.1331	0	2315	2.89
j5ykdxJNLYI	GRINDING BADGES IN PUBLIC	"Oct 19, 2017"	0:03:17	160	32.51	183	10.0148	0	3589	3.82
IC1bZ51Iv5c	THE MOST DOMINANT BUILD IN NBA 2K18...	"Sep 20, 2017"	0:03:10	166	38.6	189	9.9917	1	3506	3.71
DcdYkoYRZ6Y	my life is falling apart...	"Dec 30, 2017"	0:02:24	228	30.85	248	9.9251	0	3237	5.68
VwdjjH5zRQ0	"NBA 2K COMMUNITY EXPOSED!!! 100,000,000,000 VIEEWWSS!!!"	"Aug 6, 2016"	0:04:42	99	22.13	126	9.89	0	3814	2.36
CH8XAL7a2pk	NBA 2K17 CONFIRMED GARBAGE REACTION	"Jul 23, 2016"	0:03:11	157	24.29	184	9.7958	0	4664	3.24
OM5HXtmxlPk	LEAVING MY HOUSE FOR THE FIRST TIME SINCE NBA 2K18 LAUNCH	"Oct 28, 2017"	0:02:33	198	31.13	224	9.569	0	3309	4.84
nQcMeoDJIPk	NBA 2K17 - BEST STRATEGIES TO EARN VC ON MYCAREER!!	"Oct 5, 2016"	0:02:22	209	30.66	236	9.3672	0	5610	3.21
KILtROuGxuc	99 OVR HOF PLATE CLEANER REACTS TO COMMENTS... I QUIT	"Jul 19, 2017"	0:01:47	261	20.57	312	9.305	0	3249	7.39
2MM0YR0VI6k	I GOT A SPECIAL OFFER FROM NBA 2K!!! NEW DEADLY BUILD ON MYPARK ??	"Apr 27, 2017"	0:05:56	78	58.63	92	9.1102	0	1897	2.06
63zI8Z-A8_I	NBA 2K17 - THE PRO-AM LEGEND FINALLY HOPS ON MYPARK ft. KiddKuda & LOW	"Oct 28, 2016"	0:02:39	188	59.82	204	9.0512	0	2611	4.63
85Q47pPR9I0	PLAYING NBA 2K3 ON THE PARK WITH NBA LEGENDS!!	"Feb 10, 2017"	0:01:47	262	16.77	288	8.5752	3	3747	5.36
-gHlGIZNkWM	What Type of NBA 2K17 Player Are You?	"Mar 2, 2017"	0:04:10	107	58.87	123	8.5682	0	2889	2.39
5Fv5QUagefA	NBA 2K17 - I CAN'T BELIEVE HOW MANY PERFECT RELEASES DURANT'S SHOT GETS!!!	"Oct 29, 2016"	0:03:24	141	67.19	150	8.5105	0	2006	3.79
CTuuZsuIwcs	I QUIT NBA 2K18... I'M SICK OF BEING TAKEN ADVANTAGE OF...	"Jun 5, 2018"	0:04:50	91	43.3	105	8.4745	0	2951	2.58
H0iusl8JpDI	THE NEW MOST POPULAR BUILD ON NBA 2K18	"Dec 22, 2017"	0:03:04	138	38.83	163	8.3326	1	2921	3.8
W8eUJs4Eo6g	"WE HAVE TO STOP NBA 2K17 FROM SHOOTING THEMSELVES!!! $250,000 ON THE LINE"	"Dec 5, 2016"	0:09:09	46	48.68	54	8.2366	0	1861	1.61
hYYfzcX7dbA	THE NBA 2K17 PAUL GEORGE LOADING SCREEN CHALLENGE 2017	"Feb 26, 2017"	0:01:00	458	13.17	486	8.1934	1	3788	10.77
cogFzXZIljs	NBA 2K17 RUINED MY LIFE....	"Jul 1, 2017"	0:02:18	188	20.78	211	8.1254	1	2813	5.76
3M12nznUq6o	THE MOST AUTOMATIC JUMP SHOT ON NBA 2K17! YOU WON'T NEED ANOTHER JUMP SHOT VIDEO AFTER WATCHING THIS	"Apr 15, 2017"	0:02:30	150	24.11	192	8.0352	0	2973	4.71
jLBEHJSppF4	NBA 2K19 COULD'VE FIXED 100% OF THEIR PROBLEMS... AND THEY DECIDED NOT TO	"Feb 8, 2019"	0:03:15	137	36.71	145	7.8666	0	5818	1.62
82R5uQM919s	THE BEST JUMPER IN NBA 2K18... JUST GOT BETTER!	"Oct 9, 2017"	0:03:02	129	38.92	152	7.7063	0	3262	3.22
-tSn4ejRXpU	NBA 2K17 AT LAUNCH vs. NBA 2K17 NOW	"Jan 3, 2017"	0:05:39	78	48.3	81	7.6404	0	1887	3.02
xUiex4Xx-TA	FORTNITE ON PC IS 1000X HARDER THAN FORTNITE ON PS4...	"Feb 26, 2018"	0:04:06	103	36.43	111	7.5941	0	2507	2.55
SH5KGOJcbmI	*MUST WATCH* THE BEST DUAL ARCHETYPE BUILD IN NBA 2K18	"Sep 4, 2017"	0:03:27	111	37.17	131	7.5466	0	3194	2.25
TcLZnuA9AJM	delete your build and make this one	"Jan 9, 2018"	0:02:54	140	68.15	154	7.4631	1	2628	2.66
g5LBNRJ8eMg	NBA 2K LEAGUE DRAFT WAS INTENSE! THIS IS EVERY NBA 2K PLAYER'S DREAM...	"Apr 6, 2018"	0:02:54	139	46.76	150	7.2866	0	3444	3.08
nXvCst3Hz8M	THE NBA 2K19 UPDATE WE'VE ALL BEEN WAITING FOR IS COMING: [PATCH 6]	"Nov 15, 2018"	0:02:46	139	39.55	157	7.2609	0	4136	1.84
VjySPA7Ijl0	THE GREATEST BASKETBALL GAME EVER DEVELOPED v2	"Feb 24, 2017"	0:03:25	103	30.59	127	7.2405	0	1965	4.33
O2ZFw-R_3_8	NBA 2K18 IS MAKING A MASSIVE MISTAKE THEY CAN'T COME BACK FROM...	"Feb 27, 2018"	0:04:16	91	32.49	101	7.1834	1	2305	1.08
u3Mo3BFsS04	7 THINGS I WISH I KNEW WHEN I WAS CREATING MY PLAYER IN NBA 2K17	"Dec 24, 2016"	0:03:44	86	46.64	113	7.0416	0	2339	3.08
Ns53b3fpfvw	WAITING FOR NBA 2K17 NEWS LIKE...	"Jul 20, 2016"	0:01:25	266	28.15	293	6.9881	0	4489	5.46
e2oQAkRh3B0	WATCH YOUR FG% INCREASE 20% AFTER USING THESE TIPS	"Sep 19, 2017"	0:03:29	109	43.56	119	6.9397	0	3215	2.15
x8NKkb_Ok8U	WILL I TRY TO JOIN THE NBA 2K LEAGUE?	"Dec 15, 2017"	0:02:27	145	25.74	169	6.925	0	2898	2.76
u4ba8jPd__4	NBA 2K16 Patrol - THE MOST STYLISH GUYS AT THE PARK BALL OUT	"Aug 16, 2016"	0:01:58	193	44.23	209	6.9074	0	3150	4.6
0s5eNnUCHYI	THE LAVAR BALL CHALLENGE 2017!! 5 LAVAR BALL'S vs. 1 MICHAEL JORDAN!!	"Mar 25, 2017"	0:05:37	62	40.24	71	6.6509	0	2080	2.02
XjQq0r0SvxY	THE BEST WAY TO SPEND 200K VC UPGRADING YOUR PLAYER	"Sep 15, 2017"	0:03:03	113	47.26	130	6.6383	0	3993	2.05
yl4LQN6GXL8	THIS JUMPSHOT IS LIGHTS OUT FROM LIMITLESS RANGE!! DEADLIEST JUMPSHOT IN NBA 2K17	"Jan 24, 2017"	0:02:56	112	27.07	135	6.6087	1	2372	3.96
05087BelYYc	NEW NBA PARK GAME: NBA PLAYGROUNDS!! INSANE GAMEWINNING ENDING!!!	"May 6, 2017"	0:05:07	62	33.85	76	6.495	0	1962	2.24
Ki9NL9VACa0	HELPING ROOKIES REP UP AND GET WINS...REVERSED!! ROOKIE CARRIES SUPERSTARS	"Jul 30, 2017"	0:03:41	93	53.61	105	6.4728	0	1893	2.48
TJTEoNInmQ0	YOU'LL REGRET NOT TRYING THIS ARCHETYPE IN NBA 2K18	"Sep 12, 2017"	0:03:36	95	33.62	107	6.4349	0	2589	2.74
DFRp2KOZ8x0	The REAL REASON LD2K IS LEAVING NBA 2K!?	"Nov 17, 2017"	0:02:05	161	30.8	182	6.3696	1	4160	3.25
S7eXT4LXm8I	7 THINGS I WISH I KNEW BEFORE I CREATED MY PLAYER	"Sep 30, 2017"	0:04:26	78	54.66	85	6.2982	0	2504	2.28
WMIuCJnU8cw	THE WORST DRIBBLER IN THE 2K COMMUNITY	"May 17, 2017"	0:03:10	110	53.28	116	6.1293	0	2051	3.56
PXqobSVlZhA	PRO-AM PLAYER DESTROYING HIGH REP PLAYERS ON MYPARK ANTE-UP!!! NBA 2K17 ANTE-UP 2000VC	"Dec 3, 2016"	0:03:48	88	75.13	95	6.0267	0	1812	2.15
a_Id3XMq6PE	GAME MODES & FEATURES THAT NEED TO BE IN NBA 2K18!! NBA 2K18 WISHLIST	"May 4, 2017"	0:05:20	55	32.2	67	5.9679	0	2038	1.57
Hml7g8fNoUM	DEAR 2K19 DEVELOPERS! THE SURVIVAL OF 2K19 PLAYGROUND DEPENDS ON THIS...	"Aug 13, 2018"	0:03:05	106	35.64	115	5.9201	1	3564	1.88
TAm8MTyxjzQ	THE 2017 NBA 2K AWARDS	"Dec 27, 2017"	0:04:03	78	39.49	87	5.8877	0	2618	2.29
epLAAg6nOYI	NBA 2K17- The Story of the Point Forward Who Could NEVER Take Ankles	"Mar 8, 2017"	0:04:14	75	37.34	81	5.7302	1	1722	2.9
dHRHS5Y1agg	MESSAGE TO THE NBA 2K DEVS...	"Oct 10, 2017"	0:04:25	64	38.77	76	5.5986	0	2538	1.81
eRXPsG4ThAM	It's Lagging? THIS IS THE BEST JUMPSHOT TO USE THROUGH LAG IN NBA 2K17!!	"Mar 4, 2017"	0:02:00	145	28	165	5.5049	0	2561	3.67
RH5Qt75XYxY	HOW TO CREATE A SHARPSHOOTER UNLIKE ANY IN THE GAME!!! AGENT 00'S SHARPSHOOTER BUILD [NBA 2K17]	"Dec 15, 2016"	0:02:47	103	17.79	118	5.4877	1	2265	3.53
gK7mR-dljkg	NBA 2K17 - FASTEST WAY TO GET TO 99 OVERALL & GET ATTRIBUTE UPGRADES IN NBA 2K17 MYCAREER	"Sep 16, 2016"	0:02:30	120	43.09	130	5.4306	1	3055	1.96
0x7HNFly1WU	SECURITY ALMOST KICKED ME OUT FOR PLAYING NBA 2K18 AT THE RAPTORS GAME	"Nov 20, 2017"	0:03:13	91	44.04	100	5.3827	0	2781	2.77
iNxtX31ZJcI	NBA 2K LEAGUE PAYING OUT MILLIONS..	"Feb 13, 2018"	0:05:48	48	54.16	55	5.3286	0	2521	1.35
S3RgsgAyOp4	NBA 2K17 Mythbusters - FINDING OUT WHETHER SHOOTING PARK CARDS REALLY GIVE YOU A SERIOUS ADVANTAGE	"Mar 11, 2017"	0:04:03	69	46.23	78	5.2692	0	1794	2.34
U9zf4zGYl_E	CUSTOM RELEASES ARE BEING PATCHED! THESE NEW JUMPERS ARE SECRET	"Dec 8, 2017"	0:04:42	53	45.09	67	5.2528	0	2636	1.48
Ax0sxFup764	LAG & SERVER FIX! HOW TO REMOVE 100% OF LAG FROM NBA 2K18	"Sep 20, 2017"	0:01:22	204	21.09	228	5.2492	2	3410	2.9
RTLCzBJXqUc	NBA 2K16 IS THE WORST 2K OF ALL TIME [PARODY]	"Aug 12, 2016"	0:02:55	93	25.1	107	5.2295	0	3332	2.43
XaXDRV5wYY8	A NEW PARK TYPE GAME RELEASED!!! NBA 2K17 KILLER?!	"Dec 13, 2016"	0:03:30	83	45.79	89	5.2075	0	2034	2.7
JzMDsBx3H4w	"*MUST WATCH* NEW MEGAPHONE REP REWARD, DAY & NIGHT CYCLES, PRIVATE PARK, THE CREW RETURNS"	"Aug 31, 2018"	0:05:39	54	23.15	55	5.1817	1	3206	0.87
gd-dvbEA5UE	NBA 2K17 - CLEANEST SHOOTING FORM IN 2K17!!! WHY YOU 100% HAVE TO SWITCH TO THE SHOT STICK!!	"Sep 20, 2016"	0:02:07	120	22.83	142	5.0423	0	2700	3.78
9K9nu40cjUU	PARK CARDS ARE ABOUT TO BECOME REALLY POPULAR IN NBA 2K17!!!	"Dec 23, 2016"	0:07:03	34	40.91	41	4.8268	0	1643	1.58
TzOTgHOz8uA	SHARPSHOOTER DROPPED OFF THE LOCKDOWN DEFENDER!!! NBA 2K17 MYPARK	"Nov 5, 2016"	0:03:24	77	72.54	83	4.7161	0	1658	2.05
bZeo5isHAdk	"LD2K LEAKED NBA 2K18 INFO! NEW ARCHETYPES, SHOOTING IMPROVEMENTS"	"Jun 18, 2017"	0:05:20	45	38.86	52	4.6364	0	2213	1.17
f50mQ7r0Bqk	TOP 10 NBA 2K17 YOUTUBERS	"Jul 21, 2017"	0:02:14	102	21.02	124	4.6192	1	3384	2.54
CTzlVCxbZP0	NBA 2K17 DRIBBLE GAWDS IN REAL LIFE...	"Aug 2, 2017"	0:02:54	82	35.91	93	4.518	0	2397	2.38
BvtXJrejSDU	THE MIND OF A COMPETITIVE MYPARK PLAYER	"Jun 26, 2017"	0:03:47	63	59.14	70	4.4158	0	1971	1.98
ph0y1HJWodo	NBA 2K17 SPORTS SCIENCE - JUSTICE YOUNG	"Jan 8, 2017"	0:02:19	101	47.9	113	4.3901	0	2300	3
dlE4sPRtVbE	BEST JUMPER ON NBA 2K18 AFTER PATCH 5! LIGHTS OUT SH00TING	"Nov 7, 2017"	0:02:57	77	33.55	88	4.3296	1	2906	2.03
4G7YKpDQBns	NBA 2K17 - BEING DISRESPECTED ON THE MYPARK BY A LITTLE KID	"Dec 22, 2016"	0:03:39	66	79.87	70	4.2707	0	1560	1.47
EuK4_TtwmvI	NBA LIVE 19 SET TO FINALLY TAKE DOWN NBA 2K19!? NBA LIVE'S COMPLETE COMEBACK	"May 30, 2018"	0:02:30	89	22.72	99	4.1305	0	2992	2.37
RSr-lrk08lA	MASSIVE NERF TO SH00TING IN NBA 2K18...	"Oct 17, 2017"	0:05:04	40	48.39	48	4.0651	0	2096	1.34
k3zWbvmYaog	FORTNITE DUOS W/ AN EPIC FINISH! THIS BALL FOLLOWED US EVERYWHERE WE GO!!	"Mar 7, 2018"	0:04:22	48	31.2	55	4.0038	0	2276	1.32
0EayqhegrRs	NBA 2K MADE A ROOKIE MISTAKE REVEALING THESE MYCAREER DETAILS...	"Aug 23, 2018"	0:04:45	45	53.93	50	3.9702	0	3005	1
9_pisXHWP0o	BEST DRIBBLE MOVES TO GET OPEN FOR SH0TS	"Oct 23, 2017"	0:02:56	71	29.15	81	3.9682	0	2741	1.86
3vz3v7tFsXo	"Q&A - Plans for NBA 2K17, Hottest YouTuber, Life Goals"	"Sep 7, 2016"	0:01:09	176	14.8	202	3.9115	0	1928	8.61
8T6swododhU	USING NBA 2K18 PICK-UP LINES TO GET GIRLS NUMBERS IN REAL LIFE!! (CRINGY)	"Sep 11, 2017"	0:03:18	63	26.33	70	3.8599	0	2324	1.81
bPqXucQ-6sg	NBA 2K17 - 4 ARCHETYPES THAT YOU SHOULD NEVER CHOOSE IN NBA 2K17	"Sep 11, 2016"	0:02:57	59	53.69	78	3.8506	0	2365	2.03
uFDhqLMskgM	NBA 2K17 - HOW TO BE AN INCREDIBLY CONSISTENT 3-POINT SHOOTER IN NBA 2K17	"Sep 16, 2016"	0:02:19	89	32.12	99	3.842	0	2096	2.05
KNrP5AdsdVA	NBA 2K17 Mythbusters - FINDING OUT WHETHER STRENGTH IS WORTH UPGRADING	"Jan 2, 2017"	0:02:31	76	30.86	89	3.7455	0	2220	2.97
7Dk0ocQZtMY	REBUILDING CHALLENGE VS. JOSH - HOW CAN HE EVEN PULL THIS OFF?!?!	"Aug 29, 2016"	0:04:18	49	38.08	52	3.7406	0	2278	1.71
eZm5ImgUCrI	MY DUO PARTNER WAS LEFT STRANDED AT SPAWN ISLAND in FORTNITE BATTLE ROYALE	"Apr 1, 2018"	0:03:32	54	34.21	63	3.7182	0	2438	1.31
Sghwrns4ciM	ADD THIS TO THE BEGINNING OF YOUR JUMPSHOT FOR MASSIVE GREEN LIGHT %!!  BEST JUMPSHOTS ON NBA 2K17	"May 18, 2017"	0:01:48	99	31.49	119	3.5909	0	2659	2.75
Wjb8eIeXh2M	i'm dropping out of school for NBA 2K18...	"Aug 28, 2017"	0:01:35	122	14.87	133	3.5273	0	1968	5.69
pPUSUM5lu0g	nba 2k18 except its only cutscenes	"Feb 10, 2018"	0:01:57	98	33.35	104	3.3818	0	4373	1.53
6LDtmWlnQGY	BLACK WATER RUINED ALL MY CLOTHES...	"Feb 2, 2018"	0:02:32	71	28.9	78	3.3059	0	2415	2.53
